// Generated from Wikimedia Commons DVD logo SVG
// https://upload.wikimedia.org/wikipedia/commons/9/9b/DVD_logo.svg
// Rasterized to PNG then converted to olivec pixel format (0xAABBGGRR).
#ifndef DVD_LOGO_H_
#define DVD_LOGO_H_

#include <stdint.h>

#define DVD_LOGO_WIDTH 200
#define DVD_LOGO_HEIGHT 88

static uint32_t dvd_logo_pixels[DVD_LOGO_WIDTH * DVD_LOGO_HEIGHT] = {
    0x00000000,0x00000000,0x00000000,0x00000000,0x00000000,0x00000000,0x00000000,
    0x00000000,0x00000000,0x00000000,0x00000000,0x00000000,0x00000000,0x00000000,
    0x00000000,0x00000000,0x01FFFFFF,0xE8FFFFFF,0xFFFFFFFF,0xFFFFFFFF,0xFFFFFFFF,
    0xFFFFFFFF,0xFFFFFFFF,0xFFFFFFFF,0xFFFFFFFF,0xFFFFFFFF,0xFFFFFFFF,0xFFFFFFFF,
    0xFFFFFFFF,0xFFFFFFFF,0xFFFFFFFF,0xFFFFFFFF,0xFFFFFFFF,0xFFFFFFFF,0xFFFFFFFF,
    0xFFFFFFFF,0xFFFFFFFF,0xFFFFFFFF,0xFFFFFFFF,0xFFFFFFFF,0xFFFFFFFF,0xFFFFFFFF,
    0xFFFFFFFF,0xFFFFFFFF,0xFFFFFFFF,0xFFFFFFFF,0xFFFFFFFF,0xFFFFFFFF,0xFFFFFFFF,
    0xFFFFFFFF,0xFFFFFFFF,0xFFFFFFFF,0xFFFFFFFF,0xFFFFFFFF,0xFFFFFFFF,0xFFFFFFFF,
    0xFFFFFFFF,0xFFFFFFFF,0xFFFFFFFF,0xFFFFFFFF,0xFFFFFFFF,0xFFFFFFFF,0xFFFFFFFF,
    0xFFFFFFFF,0xFFFFFFFF,0xFFFFFFFF,0xFFFFFFFF,0xFFFFFFFF,0xFFFFFFFF,0xFFFFFFFF,
    0xFFFFFFFF,0xFFFFFFFF,0xFFFFFFFF,0xFFFFFFFF,0xFFFFFFFF,0xFFFFFFFF,0xFFFFFFFF,
    0xFFFFFFFF,0xFFFFFFFF,0xFFFFFFFF,0xFFFFFFFF,0xFFFFFFFF,0xFFFFFFFF,0xFFFFFFFF,
    0xFFFFFFFF,0xFFFFFFFF,0xFFFFFFFF,0xFFFFFFFF,0xFFFFFFFF,0xFFFFFFFF,0xE9FFFFFF,
    0x04FFFFFF,0x00000000,0x00000000,0x00000000,0x00000000,0x00000000,0x00000000,
    0x00000000,0x00000000,0x00000000,0x00000000,0x00000000,0x00000000,0x00000000,
    0x00000000,0x00000000,0x00000000,0x00000000,0x00000000,0x00000000,0x00000000,
    0x00000000,0x00000000,0x00000000,0x00000000,0x00000000,0x00000000,0x00000000,
    0x00000000,0x00000000,0x00000000,0x00000000,0x00000000,0x00000000,0x01FFFFFF,
    0xABFFFFFF,0xFFFFFFFF,0xFFFFFFFF,0xFFFFFFFF,0xFFFFFFFF,0xFFFFFFFF,0xFFFFFFFF,
    0xFFFFFFFF,0xFFFFFFFF,0xFFFFFFFF,0xFFFFFFFF,0xFFFFFFFF,0xFFFFFFFF,0xFFFFFFFF,
    0xFFFFFFFF,0xFFFFFFFF,0xFFFFFFFF,0xFFFFFFFF,0xFFFFFFFF,0xFFFFFFFF,0xFFFFFFFF,
    0xFFFFFFFF,0xFFFFFFFF,0xFFFFFFFF,0xFFFFFFFF,0xFFFFFFFF,0xFFFFFFFF,0xFFFFFFFF,
    0xFFFFFFFF,0xFFFFFFFF,0xFFFFFFFF,0xFFFFFFFF,0xFFFFFFFF,0xFFFFFFFF,0xFFFFFFFF,
    0xFFFFFFFF,0xFFFFFFFF,0xFFFFFFFF,0xFFFFFFFF,0xFFFFFFFF,0xFFFFFFFF,0xFFFFFFFF,
    0xFAFFFFFF,0xEEFFFFFF,0xEAFFFFFF,0xDBFFFFFF,0xC4FFFFFF,0xACFFFFFF,0x91FFFFFF,
    0x70FFFFFF,0x44FFFFFF,0x18FFFFFF,0x00000000,0x00000000,0x00000000,0x00000000,
    0x00000000,0x00000000,0x00000000,0x00000000,0x00000000,0x00000000,0x00000000,
    0x00000000,0x00000000,0x00000000,0x00000000,0x00000000,0x00000000,0x00000000,
    0x00000000,0x00000000,0x00000000,0x00000000,0x00000000,0x00000000,0x00000000,
    0x00000000,0x00000000,0x00000000,0x00000000,0x00000000,0x00000000,0x00000000,
    0x00000000,0x00000000,0x00000000,0x00000000,0x00000000,0x00000000,0x26FFFFFF,
    0xFFFFFFFF,0xFFFFFFFF,0xFFFFFFFF,0xFFFFFFFF,0xFFFFFFFF,0xFFFFFFFF,0xFFFFFFFF,
    0xFFFFFFFF,0xFFFFFFFF,0xFFFFFFFF,0xFFFFFFFF,0xFFFFFFFF,0xFFFFFFFF,0xFFFFFFFF,
    0xFFFFFFFF,0xFFFFFFFF,0xFFFFFFFF,0xFFFFFFFF,0xFFFFFFFF,0xFFFFFFFF,0xFFFFFFFF,
    0xFFFFFFFF,0xFFFFFFFF,0xFFFFFFFF,0xFFFFFFFF,0xFFFFFFFF,0xFFFFFFFF,0xFFFFFFFF,
    0xFFFFFFFF,0xFFFFFFFF,0xFFFFFFFF,0xFFFFFFFF,0xFFFFFFFF,0xFFFFFFFF,0xFFFFFFFF,
    0xFFFFFFFF,0xFFFFFFFF,0xFFFFFFFF,0xFFFFFFFF,0xFFFFFFFF,0xFFFFFFFF,0xFFFFFFFF,
    0xFFFFFFFF,0xFFFFFFFF,0xFFFFFFFF,0xFFFFFFFF,0xFFFFFFFF,0xFFFFFFFF,0xFFFFFFFF,
    0xFFFFFFFF,0xFFFFFFFF,0xFFFFFFFF,0xFFFFFFFF,0xFFFFFFFF,0xFFFFFFFF,0xFFFFFFFF,
    0xFFFFFFFF,0xFFFFFFFF,0xFFFFFFFF,0xFFFFFFFF,0xFFFFFFFF,0xFFFFFFFF,0xFFFFFFFF,
    0xFFFFFFFF,0xFFFFFFFF,0xFFFFFFFF,0xFFFFFFFF,0xFFFFFFFF,0xFFFFFFFF,0xFFFFFFFF,
    0xFFFFFFFF,0xFFFFFFFF,0xFFFFFFFF,0xFFFFFFFF,0x46FFFFFF,0x00000000,0x00000000,
    0x00000000,0x00000000,0x00000000,0x00000000,0x00000000,0x00000000,0x00000000,
    0x00000000,0x00000000,0x00000000,0x00000000,0x00000000,0x00000000,0x00000000,
    0x00000000,0x00000000,0x00000000,0x00000000,0x00000000,0x00000000,0x00000000,
    0x00000000,0x00000000,0x00000000,0x00000000,0x00000000,0x00000000,0x00000000,
    0x00000000,0x00000000,0x00000000,0x84FFFFFF,0xFFFFFFFF,0xFFFFFFFF,0xFFFFFFFF,
    0xFFFFFFFF,0xFFFFFFFF,0xFFFFFFFF,0xFFFFFFFF,0xFFFFFFFF,0xFFFFFFFF,0xFFFFFFFF,
    0xFFFFFFFF,0xFFFFFFFF,0xFFFFFFFF,0xFFFFFFFF,0xFFFFFFFF,0xFFFFFFFF,0xFFFFFFFF,
    0xFFFFFFFF,0xFFFFFFFF,0xFFFFFFFF,0xFFFFFFFF,0xFFFFFFFF,0xFFFFFFFF,0xFFFFFFFF,
    0xFFFFFFFF,0xFFFFFFFF,0xFFFFFFFF,0xFFFFFFFF,0xFFFFFFFF,0xFFFFFFFF,0xFFFFFFFF,
    0xFFFFFFFF,0xFFFFFFFF,0xFFFFFFFF,0xFFFFFFFF,0xFFFFFFFF,0xFFFFFFFF,0xFFFFFFFF,
    0xFFFFFFFF,0xFFFFFFFF,0xFFFFFFFF,0xFFFFFFFF,0xFFFFFFFF,0xFFFFFFFF,0xFFFFFFFF,
    0xFFFFFFFF,0xFFFFFFFF,0xFFFFFFFF,0xFFFFFFFF,0xFFFFFFFF,0xFFFFFFFF,0xFFFFFFFF,
    0xE9FFFFFF,0xACFFFFFF,0x6CFFFFFF,0x2BFFFFFF,0x00000000,0x00000000,0x00000000,
    0x00000000,0x00000000,0x00000000,0x00000000,0x00000000,0x00000000,0x00000000,
    0x00000000,0x00000000,0x00000000,0x00000000,0x00000000,0x00000000,0x00000000,
    0x00000000,0x00000000,0x00000000,0x00000000,0x00000000,0x00000000,0x00000000,
    0x00000000,0x00000000,0x00000000,0x00000000,0x00000000,0x00000000,0x00000000,
    0x00000000,0x00000000,0x00000000,0x63FFFFFF,0xFFFFFFFF,0xFFFFFFFF,0xFFFFFFFF,
    0xFFFFFFFF,0xFFFFFFFF,0xFFFFFFFF,0xFFFFFFFF,0xFFFFFFFF,0xFFFFFFFF,0xFFFFFFFF,
    0xFFFFFFFF,0xFFFFFFFF,0xFFFFFFFF,0xFFFFFFFF,0xFFFFFFFF,0xFFFFFFFF,0xFFFFFFFF,
    0xFFFFFFFF,0xFFFFFFFF,0xFFFFFFFF,0xFFFFFFFF,0xFFFFFFFF,0xFFFFFFFF,0xFFFFFFFF,
    0xFFFFFFFF,0xFFFFFFFF,0xFFFFFFFF,0xFFFFFFFF,0xFFFFFFFF,0xFFFFFFFF,0xFFFFFFFF,
    0xFFFFFFFF,0xFFFFFFFF,0xFFFFFFFF,0xFFFFFFFF,0xFFFFFFFF,0xFFFFFFFF,0xFFFFFFFF,
    0xFFFFFFFF,0xFFFFFFFF,0xFFFFFFFF,0xFFFFFFFF,0xFFFFFFFF,0xFFFFFFFF,0xFFFFFFFF,
    0xFFFFFFFF,0xFFFFFFFF,0xFFFFFFFF,0xFFFFFFFF,0xFFFFFFFF,0xFFFFFFFF,0xFFFFFFFF,
    0xFFFFFFFF,0xFFFFFFFF,0xFFFFFFFF,0xFFFFFFFF,0xFFFFFFFF,0xFFFFFFFF,0xFFFFFFFF,
    0xFFFFFFFF,0xFFFFFFFF,0xFFFFFFFF,0xFFFFFFFF,0xFFFFFFFF,0xFFFFFFFF,0xFFFFFFFF,
    0xFFFFFFFF,0xFFFFFFFF,0xFFFFFFFF,0xFFFFFFFF,0xFFFFFFFF,0xFFFFFFFF,0xFFFFFFFF,
    0xFFFFFFFF,0x9DFFFFFF,0x00000000,0x00000000,0x00000000,0x00000000,0x00000000,
    0x00000000,0x00000000,0x00000000,0x00000000,0x00000000,0x00000000,0x00000000,
    0x00000000,0x00000000,0x00000000,0x00000000,0x00000000,0x00000000,0x00000000,
    0x00000000,0x00000000,0x00000000,0x00000000,0x00000000,0x00000000,0x00000000,
    0x00000000,0x00000000,0x00000000,0x00000000,0x00000000,0x00000000,0x5CFFFFFF,
    0xFEFFFFFF,0xFFFFFFFF,0xFFFFFFFF,0xFFFFFFFF,0xFFFFFFFF,0xFFFFFFFF,0xFFFFFFFF,
    0xFFFFFFFF,0xFFFFFFFF,0xFFFFFFFF,0xFFFFFFFF,0xFFFFFFFF,0xFFFFFFFF,0xFFFFFFFF,
    0xFFFFFFFF,0xFFFFFFFF,0xFFFFFFFF,0xFFFFFFFF,0xFFFFFFFF,0xFFFFFFFF,0xFFFFFFFF,
    0xFFFFFFFF,0xFFFFFFFF,0xFFFFFFFF,0xFFFFFFFF,0xFFFFFFFF,0xFFFFFFFF,0xFFFFFFFF,
    0xFFFFFFFF,0xFFFFFFFF,0xFFFFFFFF,0xFFFFFFFF,0xFFFFFFFF,0xFFFFFFFF,0xFFFFFFFF,
    0xFFFFFFFF,0xFFFFFFFF,0xFFFFFFFF,0xFFFFFFFF,0xFFFFFFFF,0xFFFFFFFF,0xFFFFFFFF,
    0xFFFFFFFF,0xFFFFFFFF,0xFFFFFFFF,0xFFFFFFFF,0xFFFFFFFF,0xFFFFFFFF,0xFFFFFFFF,
    0xFFFFFFFF,0xFFFFFFFF,0xFFFFFFFF,0xFFFFFFFF,0xFFFFFFFF,0xFFFFFFFF,0xFFFFFFFF,
    0xFFFFFFFF,0xDBFFFFFF,0x86FFFFFF,0x30FFFFFF,0x00000000,0x00000000,0x00000000,
    0x00000000,0x00000000,0x00000000,0x00000000,0x00000000,0x00000000,0x00000000,
    0x00000000,0x00000000,0x00000000,0x00000000,0x00000000,0x00000000,0x00000000,
    0x00000000,0x00000000,0x00000000,0x00000000,0x00000000,0x00000000,0x00000000,
    0x00000000,0x00000000,0x00000000,0x00000000,0x00000000,0x00000000,0x00000000,
    0xA0FFFFFF,0xFFFFFFFF,0xFFFFFFFF,0xFFFFFFFF,0xFFFFFFFF,0xFFFFFFFF,0xFFFFFFFF,
    0xFFFFFFFF,0xFFFFFFFF,0xFFFFFFFF,0xFFFFFFFF,0xFFFFFFFF,0xFFFFFFFF,0xFFFFFFFF,
    0xFFFFFFFF,0xFFFFFFFF,0xFFFFFFFF,0xFFFFFFFF,0xFFFFFFFF,0xFFFFFFFF,0xFFFFFFFF,
    0xFFFFFFFF,0xFFFFFFFF,0xFFFFFFFF,0xFFFFFFFF,0xFFFFFFFF,0xFFFFFFFF,0xFFFFFFFF,
    0xFFFFFFFF,0xFFFFFFFF,0xFFFFFFFF,0xFFFFFFFF,0xFFFFFFFF,0xFFFFFFFF,0xFFFFFFFF,
    0xFFFFFFFF,0xFFFFFFFF,0xFFFFFFFF,0xFFFFFFFF,0xFFFFFFFF,0xFFFFFFFF,0xFFFFFFFF,
    0xFFFFFFFF,0xFFFFFFFF,0xFFFFFFFF,0xFFFFFFFF,0xFFFFFFFF,0xFFFFFFFF,0xFFFFFFFF,
    0xFFFFFFFF,0xFFFFFFFF,0xFFFFFFFF,0xFFFFFFFF,0xFFFFFFFF,0xFFFFFFFF,0xFFFFFFFF,
    0xFFFFFFFF,0xFFFFFFFF,0xFFFFFFFF,0xFFFFFFFF,0xFFFFFFFF,0xFFFFFFFF,0xFFFFFFFF,
    0xFFFFFFFF,0xFFFFFFFF,0xFFFFFFFF,0xFFFFFFFF,0xFFFFFFFF,0xFFFFFFFF,0xFFFFFFFF,
    0xFFFFFFFF,0xFFFFFFFF,0xFFFFFFFF,0xFFFFFFFF,0xFFFFFFFF,0xEFFFFFFF,0x07FFFFFF,
    0x00000000,0x00000000,0x00000000,0x00000000,0x00000000,0x00000000,0x00000000,
    0x00000000,0x00000000,0x00000000,0x00000000,0x00000000,0x00000000,0x00000000,
    0x00000000,0x00000000,0x00000000,0x00000000,0x00000000,0x00000000,0x00000000,
    0x00000000,0x00000000,0x00000000,0x00000000,0x00000000,0x00000000,0x00000000,
    0x00000000,0x00000000,0x3AFFFFFF,0xF8FFFFFF,0xFFFFFFFF,0xFFFFFFFF,0xFFFFFFFF,
    0xFFFFFFFF,0xFFFFFFFF,0xFFFFFFFF,0xFFFFFFFF,0xFFFFFFFF,0xFFFFFFFF,0xFFFFFFFF,
    0xFFFFFFFF,0xFFFFFFFF,0xFFFFFFFF,0xFFFFFFFF,0xFFFFFFFF,0xFFFFFFFF,0xFFFFFFFF,
    0xFFFFFFFF,0xFFFFFFFF,0xFFFFFFFF,0xFFFFFFFF,0xFFFFFFFF,0xFFFFFFFF,0xFFFFFFFF,
    0xFFFFFFFF,0xFFFFFFFF,0xFFFFFFFF,0xFFFFFFFF,0xFFFFFFFF,0xFFFFFFFF,0xFFFFFFFF,
    0xFFFFFFFF,0xFFFFFFFF,0xFFFFFFFF,0xFFFFFFFF,0xFFFFFFFF,0xFFFFFFFF,0xFFFFFFFF,
    0xFFFFFFFF,0xFFFFFFFF,0xFFFFFFFF,0xFFFFFFFF,0xFFFFFFFF,0xFFFFFFFF,0xFFFFFFFF,
    0xFFFFFFFF,0xFFFFFFFF,0xFFFFFFFF,0xFFFFFFFF,0xFFFFFFFF,0xFFFFFFFF,0xFFFFFFFF,
    0xFFFFFFFF,0xFFFFFFFF,0xFFFFFFFF,0xFFFFFFFF,0xFFFFFFFF,0xFFFFFFFF,0xFFFFFFFF,
    0xFFFFFFFF,0xCDFFFFFF,0x66FFFFFF,0x08FFFFFF,0x00000000,0x00000000,0x00000000,
    0x00000000,0x00000000,0x00000000,0x00000000,0x00000000,0x00000000,0x00000000,
    0x00000000,0x00000000,0x00000000,0x00000000,0x00000000,0x00000000,0x00000000,
    0x00000000,0x00000000,0x00000000,0x00000000,0x00000000,0x00000000,0x00000000,
    0x00000000,0x00000000,0x00000000,0x00000000,0xDCFFFFFF,0xFFFFFFFF,0xFFFFFFFF,
    0xFFFFFFFF,0xFFFFFFFF,0xFFFFFFFF,0xFFFFFFFF,0xFFFFFFFF,0xFFFFFFFF,0xFFFFFFFF,
    0xFFFFFFFF,0xFFFFFFFF,0xFFFFFFFF,0xFFFFFFFF,0xFFFFFFFF,0xFFFFFFFF,0xFFFFFFFF,
    0xFFFFFFFF,0xFFFFFFFF,0xFFFFFFFF,0xFFFFFFFF,0xFFFFFFFF,0xFFFFFFFF,0xFFFFFFFF,
    0xFFFFFFFF,0xFFFFFFFF,0xFFFFFFFF,0xFFFFFFFF,0xFFFFFFFF,0xFFFFFFFF,0xFFFFFFFF,
    0xFFFFFFFF,0xFFFFFFFF,0xFFFFFFFF,0xFFFFFFFF,0xFFFFFFFF,0xFFFFFFFF,0xFFFFFFFF,
    0xFFFFFFFF,0xFFFFFFFF,0xFFFFFFFF,0xFFFFFFFF,0xFFFFFFFF,0xFFFFFFFF,0xFFFFFFFF,
    0xFFFFFFFF,0xFFFFFFFF,0xFFFFFFFF,0xFFFFFFFF,0xFFFFFFFF,0xFFFFFFFF,0xFFFFFFFF,
    0xFFFFFFFF,0xFFFFFFFF,0xFFFFFFFF,0xFFFFFFFF,0xFFFFFFFF,0xFFFFFFFF,0xFFFFFFFF,
    0xFFFFFFFF,0xFFFFFFFF,0xFFFFFFFF,0xFFFFFFFF,0xFFFFFFFF,0xFFFFFFFF,0xFFFFFFFF,
    0xFFFFFFFF,0xFFFFFFFF,0xFFFFFFFF,0xFFFFFFFF,0xFFFFFFFF,0xFFFFFFFF,0xFFFFFFFF,
    0xFFFFFFFF,0xFFFFFFFF,0xFFFFFFFF,0x4DFFFFFF,0x00000000,0x00000000,0x00000000,
    0x00000000,0x00000000,0x00000000,0x00000000,0x00000000,0x00000000,0x00000000,
    0x00000000,0x00000000,0x00000000,0x00000000,0x00000000,0x00000000,0x00000000,
    0x00000000,0x00000000,0x00000000,0x00000000,0x00000000,0x00000000,0x00000000,
    0x00000000,0x00000000,0x00000000,0x00000000,0x00000000,0x21FFFFFF,0xEAFFFFFF,
    0xFFFFFFFF,0xFFFFFFFF,0xFFFFFFFF,0xFFFFFFFF,0xFFFFFFFF,0xFFFFFFFF,0xFFFFFFFF,
    0xFFFFFFFF,0xFFFFFFFF,0xFFFFFFFF,0xFFFFFFFF,0xFFFFFFFF,0xFFFFFFFF,0xFFFFFFFF,
    0xFFFFFFFF,0xFFFFFFFF,0xFFFFFFFF,0xFFFFFFFF,0xFFFFFFFF,0xFFFFFFFF,0xFFFFFFFF,
    0xFFFFFFFF,0xFFFFFFFF,0xFFFFFFFF,0xFFFFFFFF,0xFFFFFFFF,0xFFFFFFFF,0xFFFFFFFF,
    0xFFFFFFFF,0xFFFFFFFF,0xFFFFFFFF,0xFFFFFFFF,0xFFFFFFFF,0xFFFFFFFF,0xFFFFFFFF,
    0xFFFFFFFF,0xFFFFFFFF,0xFFFFFFFF,0xFFFFFFFF,0xFFFFFFFF,0xFFFFFFFF,0xFFFFFFFF,
    0xFFFFFFFF,0xFFFFFFFF,0xFFFFFFFF,0xFFFFFFFF,0xFFFFFFFF,0xFFFFFFFF,0xFFFFFFFF,
    0xFFFFFFFF,0xFFFFFFFF,0xFFFFFFFF,0xFFFFFFFF,0xFFFFFFFF,0xFFFFFFFF,0xFFFFFFFF,
    0xFFFFFFFF,0xFFFFFFFF,0xFFFFFFFF,0xFFFFFFFF,0xFFFFFFFF,0xFFFFFFFF,0xFFFFFFFF,
    0xE4FFFFFF,0x65FFFFFF,0x04FFFFFF,0x00000000,0x00000000,0x00000000,0x00000000,
    0x00000000,0x00000000,0x00000000,0x00000000,0x00000000,0x00000000,0x00000000,
    0x00000000,0x00000000,0x00000000,0x00000000,0x00000000,0x00000000,0x00000000,
    0x00000000,0x00000000,0x00000000,0x00000000,0x00000000,0x00000000,0x00000000,
    0x1AFFFFFF,0xFFFFFFFF,0xFFFFFFFF,0xFFFFFFFF,0xFFFFFFFF,0xFFFFFFFF,0xFFFFFFFF,
    0xFFFFFFFF,0xFFFFFFFF,0xFFFFFFFF,0xFFFFFFFF,0xFFFFFFFF,0xFFFFFFFF,0xFFFFFFFF,
    0xFFFFFFFF,0xFFFFFFFF,0xFFFFFFFF,0xFFFFFFFF,0xFFFFFFFF,0xFFFFFFFF,0xFFFFFFFF,
    0xFFFFFFFF,0xFFFFFFFF,0xFFFFFFFF,0xFFFFFFFF,0xFFFFFFFF,0xFFFFFFFF,0xFFFFFFFF,
    0xFFFFFFFF,0xFFFFFFFF,0xFFFFFFFF,0xFFFFFFFF,0xFFFFFFFF,0xFFFFFFFF,0xFFFFFFFF,
    0xFFFFFFFF,0xFFFFFFFF,0xFFFFFFFF,0xFFFFFFFF,0xFFFFFFFF,0xFFFFFFFF,0xFFFFFFFF,
    0xFFFFFFFF,0xFFFFFFFF,0xFFFFFFFF,0xFFFFFFFF,0xFFFFFFFF,0xFFFFFFFF,0xFFFFFFFF,
    0xFFFFFFFF,0xFFFFFFFF,0xFFFFFFFF,0xFFFFFFFF,0xFFFFFFFF,0xFFFFFFFF,0xFFFFFFFF,
    0xFFFFFFFF,0xFFFFFFFF,0xFFFFFFFF,0xFFFFFFFF,0xFFFFFFFF,0xFFFFFFFF,0xFFFFFFFF,
    0xFFFFFFFF,0xFFFFFFFF,0xFFFFFFFF,0xFFFFFFFF,0xFFFFFFFF,0xFFFFFFFF,0xFFFFFFFF,
    0xFFFFFFFF,0xFFFFFFFF,0xFFFFFFFF,0xFFFFFFFF,0xFFFFFFFF,0xFFFFFFFF,0xFFFFFFFF,
    0xA5FFFFFF,0x00000000,0x00000000,0x00000000,0x00000000,0x00000000,0x00000000,
    0x00000000,0x00000000,0x00000000,0x00000000,0x00000000,0x00000000,0x00000000,
    0x00000000,0x00000000,0x00000000,0x00000000,0x00000000,0x00000000,0x00000000,
    0x00000000,0x00000000,0x00000000,0x00000000,0x00000000,0x00000000,0x00000000,
    0x00000000,0x0EFFFFFF,0xD4FFFFFF,0xFFFFFFFF,0xFFFFFFFF,0xFFFFFFFF,0xFFFFFFFF,
    0xFFFFFFFF,0xFFFFFFFF,0xFFFFFFFF,0xFFFFFFFF,0xFFFFFFFF,0xFFFFFFFF,0xFFFFFFFF,
    0xFFFFFFFF,0xFFFFFFFF,0xFFFFFFFF,0xFFFFFFFF,0xFFFFFFFF,0xFFFFFFFF,0xFFFFFFFF,
    0xFFFFFFFF,0xFFFFFFFF,0xFFFFFFFF,0xFFFFFFFF,0xFFFFFFFF,0xFFFFFFFF,0xFFFFFFFF,
    0xFFFFFFFF,0xFFFFFFFF,0xFFFFFFFF,0xFFFFFFFF,0xFFFFFFFF,0xFFFFFFFF,0xFFFFFFFF,
    0xFFFFFFFF,0xFFFFFFFF,0xFFFFFFFF,0xFFFFFFFF,0xFFFFFFFF,0xFFFFFFFF,0xFFFFFFFF,
    0xFFFFFFFF,0xFFFFFFFF,0xFFFFFFFF,0xFFFFFFFF,0xFFFFFFFF,0xFFFFFFFF,0xFFFFFFFF,
    0xFFFFFFFF,0xFFFFFFFF,0xFFFFFFFF,0xFFFFFFFF,0xFFFFFFFF,0xFFFFFFFF,0xFFFFFFFF,
    0xFFFFFFFF,0xFFFFFFFF,0xFFFFFFFF,0xFFFFFFFF,0xFFFFFFFF,0xFFFFFFFF,0xFFFFFFFF,
    0xFFFFFFFF,0xFFFFFFFF,0xFFFFFFFF,0xFFFFFFFF,0xFFFFFFFF,0xFFFFFFFF,0xD5FFFFFF,
    0x44FFFFFF,0x00000000,0x00000000,0x00000000,0x00000000,0x00000000,0x00000000,
    0x00000000,0x00000000,0x00000000,0x00000000,0x00000000,0x00000000,0x00000000,
    0x00000000,0x00000000,0x00000000,0x00000000,0x00000000,0x00000000,0x00000000,
    0x00000000,0x00000000,0x00000000,0x00000000,0x57FFFFFF,0xFFFFFFFF,0xFFFFFFFF,
    0xFFFFFFFF,0xFFFFFFFF,0xFFFFFFFF,0xFFFFFFFF,0xFFFFFFFF,0xFFFFFFFF,0xFFFFFFFF,
    0xFFFFFFFF,0xFFFFFFFF,0xFFFFFFFF,0xFFFFFFFF,0xFFFFFFFF,0xFFFFFFFF,0xFFFFFFFF,
    0xFFFFFFFF,0xFFFFFFFF,0xFFFFFFFF,0xFFFFFFFF,0xFFFFFFFF,0xFFFFFFFF,0xFFFFFFFF,
    0xFFFFFFFF,0xFFFFFFFF,0xFFFFFFFF,0xFFFFFFFF,0xFFFFFFFF,0xFFFFFFFF,0xFFFFFFFF,
    0xFFFFFFFF,0xFFFFFFFF,0xFFFFFFFF,0xFFFFFFFF,0xFFFFFFFF,0xFFFFFFFF,0xFFFFFFFF,
    0xFFFFFFFF,0xFFFFFFFF,0xFFFFFFFF,0xFFFFFFFF,0xFFFFFFFF,0xFFFFFFFF,0xFFFFFFFF,
    0xFFFFFFFF,0xFFFFFFFF,0xFFFFFFFF,0xFFFFFFFF,0xFFFFFFFF,0xFFFFFFFF,0xFFFFFFFF,
    0xFFFFFFFF,0xFFFFFFFF,0xFFFFFFFF,0xFFFFFFFF,0xFFFFFFFF,0xFFFFFFFF,0xFFFFFFFF,
    0xFFFFFFFF,0xFFFFFFFF,0xFFFFFFFF,0xFFFFFFFF,0xFFFFFFFF,0xFFFFFFFF,0xFFFFFFFF,
    0xFFFFFFFF,0xFFFFFFFF,0xFFFFFFFF,0xFFFFFFFF,0xFFFFFFFF,0xFFFFFFFF,0xFFFFFFFF,
    0xFFFFFFFF,0xFFFFFFFF,0xFFFFFFFF,0xFFFFFFFF,0xF4FFFFFF,0x0BFFFFFF,0x00000000,
    0x00000000,0x00000000,0x00000000,0x00000000,0x00000000,0x00000000,0x00000000,
    0x00000000,0x00000000,0x00000000,0x00000000,0x00000000,0x00000000,0x00000000,
    0x00000000,0x00000000,0x00000000,0x00000000,0x00000000,0x00000000,0x00000000,
    0x00000000,0x00000000,0x00000000,0x00000000,0x03FFFFFF,0xB3FFFFFF,0xFFFFFFFF,
    0xFFFFFFFF,0xFFFFFFFF,0xFFFFFFFF,0xFFFFFFFF,0xFFFFFFFF,0xFFFFFFFF,0xFFFFFFFF,
    0xFFFFFFFF,0xFFFFFFFF,0xFFFFFFFF,0xFFFFFFFF,0xFFFFFFFF,0xFFFFFFFF,0xFFFFFFFF,
    0xFFFFFFFF,0xFFFFFFFF,0xFFFFFFFF,0xFFFFFFFF,0xFFFFFFFF,0xFFFFFFFF,0xFFFFFFFF,
    0xFFFFFFFF,0xFFFFFFFF,0xFFFFFFFF,0xFFFFFFFF,0xFFFFFFFF,0xFFFFFFFF,0xFFFFFFFF,
    0xFFFFFFFF,0xFFFFFFFF,0xFFFFFFFF,0xFFFFFFFF,0xFFFFFFFF,0xFFFFFFFF,0xFFFFFFFF,
    0xFFFFFFFF,0xFFFFFFFF,0xFFFFFFFF,0xFFFFFFFF,0xFFFFFFFF,0xFFFFFFFF,0xFFFFFFFF,
    0xFFFFFFFF,0xFFFFFFFF,0xFFFFFFFF,0xFFFFFFFF,0xFFFFFFFF,0xFFFFFFFF,0xFFFFFFFF,
    0xFFFFFFFF,0xFFFFFFFF,0xFFFFFFFF,0xFFFFFFFF,0xFFFFFFFF,0xFFFFFFFF,0xFFFFFFFF,
    0xFFFFFFFF,0xFFFFFFFF,0xFFFFFFFF,0xFFFFFFFF,0xFFFFFFFF,0xFFFFFFFF,0xFFFFFFFF,
    0xFFFFFFFF,0xFFFFFFFF,0xFFFFFFFF,0xFFFFFFFF,0xFEFFFFFF,0x99FFFFFF,0x0CFFFFFF,
    0x00000000,0x00000000,0x00000000,0x00000000,0x00000000,0x00000000,0x00000000,
    0x00000000,0x00000000,0x00000000,0x00000000,0x00000000,0x00000000,0x00000000,
    0x00000000,0x00000000,0x00000000,0x00000000,0x00000000,0x00000000,0x00000000,
    0x00000000,0x93FFFFFF,0xFFFFFFFF,0xFFFFFFFF,0xFFFFFFFF,0xFFFFFFFF,0xFFFFFFFF,
    0xFFFFFFFF,0xFFFFFFFF,0xFFFFFFFF,0xFFFFFFFF,0xFFFFFFFF,0xFFFFFFFF,0xFFFFFFFF,
    0xFFFFFFFF,0xFFFFFFFF,0xFFFFFFFF,0xFFFFFFFF,0xFFFFFFFF,0xFFFFFFFF,0xFFFFFFFF,
    0xFFFFFFFF,0xFFFFFFFF,0xFFFFFFFF,0xFFFFFFFF,0xFFFFFFFF,0xFFFFFFFF,0xFFFFFFFF,
    0xFFFFFFFF,0xFFFFFFFF,0xFFFFFFFF,0xFFFFFFFF,0xFFFFFFFF,0xFFFFFFFF,0xFFFFFFFF,
    0xFFFFFFFF,0xFFFFFFFF,0xFFFFFFFF,0xFFFFFFFF,0xFFFFFFFF,0xFFFFFFFF,0xFFFFFFFF,
    0xFFFFFFFF,0xFFFFFFFF,0xFFFFFFFF,0xFFFFFFFF,0xFFFFFFFF,0xFFFFFFFF,0xFFFFFFFF,
    0xFFFFFFFF,0xFFFFFFFF,0xFFFFFFFF,0xFFFFFFFF,0xFFFFFFFF,0xFFFFFFFF,0xFFFFFFFF,
    0xFFFFFFFF,0xFFFFFFFF,0xFFFFFFFF,0xFFFFFFFF,0xFFFFFFFF,0xFFFFFFFF,0xFFFFFFFF,
    0xFFFFFFFF,0xFFFFFFFF,0xFFFFFFFF,0xFFFFFFFF,0xFFFFFFFF,0xFFFFFFFF,0xFFFFFFFF,
    0xFFFFFFFF,0xFFFFFFFF,0xFFFFFFFF,0xFFFFFFFF,0xFFFFFFFF,0xFFFFFFFF,0xFFFFFFFF,
    0xFFFFFFFF,0xFFFFFFFF,0x55FFFFFF,0x00000000,0x00000000,0x00000000,0x00000000,
    0x00000000,0x00000000,0x00000000,0x00000000,0x00000000,0x00000000,0x00000000,
    0x00000000,0x00000000,0x00000000,0x00000000,0x00000000,0x00000000,0x00000000,
    0x00000000,0x00000000,0x00000000,0x00000000,0x00000000,0x00000000,0x00000000,
    0x00000000,0x92FFFFFF,0xFFFFFFFF,0xFFFFFFFF,0xFFFFFFFF,0xFFFFFFFF,0xFFFFFFFF,
    0xFFFFFFFF,0xFFFFFFFF,0xFFFFFFFF,0xFFFFFFFF,0xFFFFFFFF,0xFFFFFFFF,0xFFFFFFFF,
    0xFFFFFFFF,0xFFFFFFFF,0xFFFFFFFF,0xFFFFFFFF,0xFFFFFFFF,0xFFFFFFFF,0xFFFFFFFF,
    0xFFFFFFFF,0xFFFFFFFF,0xFFFFFFFF,0xFFFFFFFF,0xFFFFFFFF,0xFFFFFFFF,0xFFFFFFFF,
    0xFFFFFFFF,0xFFFFFFFF,0xFFFFFFFF,0xFFFFFFFF,0xFFFFFFFF,0xFFFFFFFF,0xFFFFFFFF,
    0xFFFFFFFF,0xFFFFFFFF,0xFFFFFFFF,0xFFFFFFFF,0xFFFFFFFF,0xFFFFFFFF,0xFFFFFFFF,
    0xFFFFFFFF,0xFFFFFFFF,0xFFFFFFFF,0xFFFFFFFF,0xFFFFFFFF,0xFFFFFFFF,0xFFFFFFFF,
    0xFFFFFFFF,0xFFFFFFFF,0xFFFFFFFF,0xFFFFFFFF,0xFFFFFFFF,0xFFFFFFFF,0xFFFFFFFF,
    0xFFFFFFFF,0xFFFFFFFF,0xFFFFFFFF,0xFFFFFFFF,0xFFFFFFFF,0xFFFFFFFF,0xFFFFFFFF,
    0xFFFFFFFF,0xFFFFFFFF,0xFFFFFFFF,0xFFFFFFFF,0xFFFFFFFF,0xFFFFFFFF,0xFFFFFFFF,
    0xFFFFFFFF,0xFFFFFFFF,0xFFFFFFFF,0xD6FFFFFF,0x22FFFFFF,0x00000000,0x00000000,
    0x00000000,0x00000000,0x00000000,0x00000000,0x00000000,0x00000000,0x00000000,
    0x00000000,0x00000000,0x00000000,0x00000000,0x00000000,0x00000000,0x00000000,
    0x00000000,0x00000000,0x00000000,0x00000000,0x00000000,0xD0FFFFFF,0xFFFFFFFF,
    0xFFFFFFFF,0xFFFFFFFF,0xFFFFFFFF,0xFFFFFFFF,0xFFFFFFFF,0xFFFFFFFF,0xFFFFFFFF,
    0xFFFFFFFF,0xFFFFFFFF,0xFFFFFFFF,0xFFFFFFFF,0xFFFFFFFF,0xFFFFFFFF,0xFFFFFFFF,
    0xFFFFFFFF,0xFFFFFFFF,0xFFFFFFFF,0xFFFFFFFF,0xFFFFFFFF,0xFFFFFFFF,0xFFFFFFFF,
    0xFFFFFFFF,0xFFFFFFFF,0xFFFFFFFF,0xFFFFFFFF,0xFFFFFFFF,0xFFFFFFFF,0xFFFFFFFF,
    0xFFFFFFFF,0xFFFFFFFF,0xFFFFFFFF,0xFFFFFFFF,0xFFFFFFFF,0xFFFFFFFF,0xFFFFFFFF,
    0xFFFFFFFF,0xFFFFFFFF,0xFFFFFFFF,0xFFFFFFFF,0xFFFFFFFF,0xFFFFFFFF,0xFFFFFFFF,
    0xFFFFFFFF,0xFFFFFFFF,0xFFFFFFFF,0xFFFFFFFF,0xFFFFFFFF,0xFFFFFFFF,0xFFFFFFFF,
    0xFFFFFFFF,0xFFFFFFFF,0xFFFFFFFF,0xFFFFFFFF,0xFFFFFFFF,0xFFFFFFFF,0xFFFFFFFF,
    0xFFFFFFFF,0xFFFFFFFF,0xFFFFFFFF,0xFFFFFFFF,0xFFFFFFFF,0xFFFFFFFF,0xFFFFFFFF,
    0xFFFFFFFF,0xFFFFFFFF,0xFFFFFFFF,0xFFFFFFFF,0xFFFFFFFF,0xFFFFFFFF,0xFFFFFFFF,
    0xFFFFFFFF,0xFFFFFFFF,0xFFFFFFFF,0xFFFFFFFF,0xFFFFFFFF,0xFFFFFFFF,0xADFFFFFF,
    0x00000000,0x00000000,0x00000000,0x00000000,0x00000000,0x00000000,0x00000000,
    0x00000000,0x00000000,0x00000000,0x00000000,0x00000000,0x00000000,0x00000000,
    0x00000000,0x00000000,0x00000000,0x00000000,0x00000000,0x00000000,0x00000000,
    0x00000000,0x00000000,0x00000000,0x00000000,0x6AFFFFFF,0xFFFFFFFF,0xFFFFFFFF,
    0xFFFFFFFF,0xFFFFFFFF,0xFFFFFFFF,0xFFFFFFFF,0xFFFFFFFF,0xFFFFFFFF,0xFFFFFFFF,
    0xFFFFFFFF,0xFFFFFFFF,0xFFFFFFFF,0xFFFFFFFF,0xFFFFFFFF,0xFFFFFFFF,0xFFFFFFFF,
    0xFFFFFFFF,0xFFFFFFFF,0xFFFFFFFF,0xFFFFFFFF,0xFFFFFFFF,0xFFFFFFFF,0xFFFFFFFF,
    0xFFFFFFFF,0xFFFFFFFF,0xFFFFFFFF,0xFFFFFFFF,0xFFFFFFFF,0xFFFFFFFF,0xFFFFFFFF,
    0xFFFFFFFF,0xFFFFFFFF,0xFFFFFFFF,0xFFFFFFFF,0xFFFFFFFF,0xFFFFFFFF,0xFFFFFFFF,
    0xFFFFFFFF,0xFFFFFFFF,0xFFFFFFFF,0xFFFFFFFF,0xFFFFFFFF,0xFFFFFFFF,0xFFFFFFFF,
    0xFFFFFFFF,0xFFFFFFFF,0xFFFFFFFF,0xFFFFFFFF,0xFFFFFFFF,0xFFFFFFFF,0xFFFFFFFF,
    0xFFFFFFFF,0xFFFFFFFF,0xFFFFFFFF,0xFFFFFFFF,0xFFFFFFFF,0xFFFFFFFF,0xFFFFFFFF,
    0xFFFFFFFF,0xFFFFFFFF,0xFFFFFFFF,0xFFFFFFFF,0xFFFFFFFF,0xFFFFFFFF,0xFFFFFFFF,
    0xFFFFFFFF,0xFFFFFFFF,0xFFFFFFFF,0xFFFFFFFF,0xFFFFFFFF,0xFFFFFFFF,0xFFFFFFFF,
    0xFFFFFFFF,0xE9FFFFFF,0x38FFFFFF,0x00000000,0x00000000,0x00000000,0x00000000,
    0x00000000,0x00000000,0x00000000,0x00000000,0x00000000,0x00000000,0x00000000,
    0x00000000,0x00000000,0x00000000,0x00000000,0x00000000,0x00000000,0x00000000,
    0x00000000,0x0FFFFFFF,0xFCFFFFFF,0xFFFFFFFF,0xFFFFFFFF,0xFFFFFFFF,0xFFFFFFFF,
    0xFFFFFFFF,0xFFFFFFFF,0xFFFFFFFF,0xFFFFFFFF,0xFFFFFFFF,0xFFFFFFFF,0xFFFFFFFF,
    0xFFFFFFFF,0xFFFFFFFF,0xFFFFFFFF,0xFFFFFFFF,0xFFFFFFFF,0xFFFFFFFF,0xFFFFFFFF,
    0xFFFFFFFF,0xFFFFFFFF,0xFFFFFFFF,0xFFFFFFFF,0xFFFFFFFF,0xFFFFFFFF,0xFFFFFFFF,
    0xFFFFFFFF,0xFFFFFFFF,0xFFFFFFFF,0xFFFFFFFF,0xFFFFFFFF,0xFFFFFFFF,0xFFFFFFFF,
    0xFFFFFFFF,0xFFFFFFFF,0xFFFFFFFF,0xFFFFFFFF,0xFFFFFFFF,0xFFFFFFFF,0xFFFFFFFF,
    0xFFFFFFFF,0xFFFFFFFF,0xFFFFFFFF,0xFFFFFFFF,0xFFFFFFFF,0xFFFFFFFF,0xFFFFFFFF,
    0xFFFFFFFF,0xFFFFFFFF,0xFFFFFFFF,0xFFFFFFFF,0xFFFFFFFF,0xFFFFFFFF,0xFFFFFFFF,
    0xFFFFFFFF,0xFFFFFFFF,0xFFFFFFFF,0xFFFFFFFF,0xFFFFFFFF,0xFFFFFFFF,0xFFFFFFFF,
    0xFFFFFFFF,0xFFFFFFFF,0xFFFFFFFF,0xFFFFFFFF,0xFFFFFFFF,0xFFFFFFFF,0xFFFFFFFF,
    0xFFFFFFFF,0xFFFFFFFF,0xFFFFFFFF,0xFFFFFFFF,0xFFFFFFFF,0xFFFFFFFF,0xFFFFFFFF,
    0xFFFFFFFF,0xFFFFFFFF,0xFFFFFFFF,0xF7FFFFFF,0x0FFFFFFF,0x00000000,0x00000000,
    0x00000000,0x00000000,0x00000000,0x00000000,0x00000000,0x00000000,0x00000000,
    0x00000000,0x00000000,0x00000000,0x00000000,0x00000000,0x00000000,0x00000000,
    0x00000000,0x00000000,0x00000000,0x00000000,0x00000000,0x00000000,0x00000000,
    0x45FFFFFF,0xFBFFFFFF,0xFFFFFFFF,0xFFFFFFFF,0xFFFFFFFF,0xFFFFFFFF,0xFFFFFFFF,
    0xFFFFFFFF,0xFFFFFFFF,0xFFFFFFFF,0xFFFFFFFF,0xFFFFFFFF,0xFFFFFFFF,0xFFFFFFFF,
    0xFFFFFFFF,0xFFFFFFFF,0xFFFFFFFF,0xFFFFFFFF,0xFFFFFFFF,0xFFFFFFFF,0xFFFFFFFF,
    0xFFFFFFFF,0xFFFFFFFF,0xFFFFFFFF,0xFFFFFFFF,0xFFFFFFFF,0xFFFFFFFF,0xFFFFFFFF,
    0xFFFFFFFF,0xFFFFFFFF,0xFFFFFFFF,0xFFFFFFFF,0xFFFFFFFF,0xFFFFFFFF,0xFFFFFFFF,
    0xFFFFFFFF,0xFFFFFFFF,0xFFFFFFFF,0xFFFFFFFF,0xFFFFFFFF,0xFFFFFFFF,0xFFFFFFFF,
    0xFFFFFFFF,0xFFFFFFFF,0xFFFFFFFF,0xFFFFFFFF,0xFFFFFFFF,0xFFFFFFFF,0xFFFFFFFF,
    0xFFFFFFFF,0xFFFFFFFF,0xFFFFFFFF,0xFFFFFFFF,0xFFFFFFFF,0xFFFFFFFF,0xFFFFFFFF,
    0xFFFFFFFF,0xFFFFFFFF,0xFFFFFFFF,0xFFFFFFFF,0xFFFFFFFF,0xFFFFFFFF,0xFFFFFFFF,
    0xFFFFFFFF,0xFFFFFFFF,0xFFFFFFFF,0xFFFFFFFF,0xFFFFFFFF,0xFFFFFFFF,0xFFFFFFFF,
    0xFFFFFFFF,0xFFFFFFFF,0xFFFFFFFF,0xFFFFFFFF,0xFFFFFFFF,0xFFFFFFFF,0xF2FFFFFF,
    0x33FFFFFF,0x00000000,0x00000000,0x00000000,0x00000000,0x00000000,0x00000000,
    0x00000000,0x00000000,0x00000000,0x00000000,0x00000000,0x00000000,0x00000000,
    0x00000000,0x00000000,0x00000000,0x00000000,0x00000000,0x43FFFFFF,0xEEFFFFFF,
    0xEEFFFFFF,0xEEFFFFFF,0xEEFFFFFF,0xEEFFFFFF,0xEEFFFFFF,0xEEFFFFFF,0xEEFFFFFF,
    0xEEFFFFFF,0xEEFFFFFF,0xEEFFFFFF,0xEEFFFFFF,0xEEFFFFFF,0xEEFFFFFF,0xEEFFFFFF,
    0xEEFFFFFF,0xEEFFFFFF,0xEEFFFFFF,0xEEFFFFFF,0xEEFFFFFF,0xEEFFFFFF,0xEEFFFFFF,
    0xEEFFFFFF,0xEEFFFFFF,0xF5FFFFFF,0xFFFFFFFF,0xFFFFFFFF,0xFFFFFFFF,0xFFFFFFFF,
    0xFFFFFFFF,0xFFFFFFFF,0xFFFFFFFF,0xFFFFFFFF,0xFFFFFFFF,0xFFFFFFFF,0xFFFFFFFF,
    0xFFFFFFFF,0xFFFFFFFF,0xFFFFFFFF,0xFFFFFFFF,0xFFFFFFFF,0xFFFFFFFF,0xFFFFFFFF,
    0xFFFFFFFF,0xFFFFFFFF,0xFFFFFFFF,0xFFFFFFFF,0xFFFFFFFF,0xFFFFFFFF,0xFFFFFFFF,
    0xFFFFFFFF,0xFFFFFFFF,0xFFFFFFFF,0xFFFFFFFF,0xFFFFFFFF,0xFFFFFFFF,0xFFFFFFFF,
    0xFFFFFFFF,0xFFFFFFFF,0xFFFFFFFF,0xD8FFFFFF,0xFFFFFFFF,0xFFFFFFFF,0xFFFFFFFF,
    0xFFFFFFFF,0xFFFFFFFF,0xFFFFFFFF,0xFFFFFFFF,0xFFFFFFFF,0xFFFFFFFF,0xFFFFFFFF,
    0xFFFFFFFF,0xFFFFFFFF,0xFFFFFFFF,0xFFFFFFFF,0xFFFFFFFF,0xFFFFFFFF,0xFFFFFFFF,
    0xFFFFFFFF,0x5DFFFFFF,0x00000000,0x00000000,0x00000000,0x00000000,0x00000000,
    0x00000000,0x00000000,0x00000000,0x00000000,0x00000000,0x00000000,0x00000000,
    0x00000000,0x00000000,0x00000000,0x00000000,0x00000000,0x00000000,0x00000000,
    0x00000000,0x00000000,0x00000000,0x29FFFFFF,0xEFFFFFFF,0xFFFFFFFF,0xFFFFFFFF,
    0xFFFFFFFF,0xFFFFFFFF,0xFFFFFFFF,0xFFFFFFFF,0xFFFFFFFF,0xFFFFFFFF,0xFFFFFFFF,
    0xFFFFFFFF,0xFFFFFFFF,0xFFFFFFFF,0xFFFFFFFF,0xFFFFFFFF,0xFFFFFFFF,0xFFFFFFFF,
    0xFFFFFFFF,0xFFFFFFFF,0xFFFFFFFF,0xF0FFFFFF,0xEEFFFFFF,0xEEFFFFFF,0xEEFFFFFF,
    0xEEFFFFFF,0xEEFFFFFF,0xEEFFFFFF,0xEEFFFFFF,0xEEFFFFFF,0xEEFFFFFF,0xEEFFFFFF,
    0xEEFFFFFF,0xEEFFFFFF,0xEEFFFFFF,0xEEFFFFFF,0xEEFFFFFF,0xEEFFFFFF,0xEEFFFFFF,
    0xEEFFFFFF,0xEEFFFFFF,0xEEFFFFFF,0xEEFFFFFF,0xEEFFFFFF,0xEEFFFFFF,0xF5FFFFFF,
    0xFFFFFFFF,0xFFFFFFFF,0xFFFFFFFF,0xFFFFFFFF,0xFFFFFFFF,0xFFFFFFFF,0xFFFFFFFF,
    0xFFFFFFFF,0xFFFFFFFF,0xFFFFFFFF,0xFFFFFFFF,0xFFFFFFFF,0xFFFFFFFF,0xFFFFFFFF,
    0xFFFFFFFF,0xFFFFFFFF,0xFFFFFFFF,0xFFFFFFFF,0xFFFFFFFF,0xFFFFFFFF,0xFFFFFFFF,
    0xFFFFFFFF,0xFFFFFFFF,0xFFFFFFFF,0xFFFFFFFF,0xFFFFFFFF,0xFFFFFFFF,0xFFFFFFFF,
    0xFFFFFFFF,0xFFFFFFFF,0xFFFFFFFF,0xFFFFFFFF,0xE9FFFFFF,0x24FFFFFF,0x00000000,
    0x00000000,0x00000000,0x00000000,0x00000000,0x00000000,0x00000000,0x00000000,
    0x00000000,0x00000000,0x00000000,0x00000000,0x00000000,0x00000000,0x00000000,
    0x00000000,0x00000000,0x00000000,0x00000000,0x00000000,0x00000000,0x00000000,
    0x00000000,0x00000000,0x00000000,0x00000000,0x00000000,0x00000000,0x00000000,
    0x00000000,0x00000000,0x00000000,0x00000000,0x00000000,0x00000000,0x00000000,
    0x00000000,0x00000000,0x00000000,0x00000000,0x00000000,0x00000000,0x00000000,
    0x02FFFFFF,0x11FFFFFF,0x1FFFFFFF,0x3EFFFFFF,0x6AFFFFFF,0x98FFFFFF,0xC5FFFFFF,
    0xF9FFFFFF,0xFFFFFFFF,0xFFFFFFFF,0xFFFFFFFF,0xFFFFFFFF,0xFFFFFFFF,0xFFFFFFFF,
    0xFFFFFFFF,0xFFFFFFFF,0xFFFFFFFF,0xFFFFFFFF,0xFFFFFFFF,0xFFFFFFFF,0xFFFFFFFF,
    0xFFFFFFFF,0xFFFFFFFF,0xFFFFFFFF,0xFFFFFFFF,0xFFFFFFFF,0xFFFFFFFF,0xFFFFFFFF,
    0xFFFFFFFF,0xFFFFFFFF,0xFFFFFFFF,0xFFFFFFFF,0xFFFFFFFF,0xFFFFFFFF,0xFFFFFFFF,
    0x4DFFFFFF,0xCDFFFFFF,0xFFFFFFFF,0xFFFFFFFF,0xFFFFFFFF,0xFFFFFFFF,0xFFFFFFFF,
    0xFFFFFFFF,0xFFFFFFFF,0xFFFFFFFF,0xFFFFFFFF,0xFFFFFFFF,0xFFFFFFFF,0xFFFFFFFF,
    0xFFFFFFFF,0xFFFFFFFF,0xFFFFFFFF,0xFFFFFFFF,0xFFFFFFFF,0xB4FFFFFF,0x00000000,
    0x00000000,0x00000000,0x00000000,0x00000000,0x00000000,0x00000000,0x00000000,
    0x00000000,0x00000000,0x00000000,0x00000000,0x00000000,0x00000000,0x00000000,
    0x00000000,0x00000000,0x00000000,0x00000000,0x00000000,0x00000000,0x14FFFFFF,
    0xDCFFFFFF,0xFFFFFFFF,0xFFFFFFFF,0xFFFFFFFF,0xFFFFFFFF,0xFFFFFFFF,0xFFFFFFFF,
    0xFFFFFFFF,0xFFFFFFFF,0xFFFFFFFF,0xFFFFFFFF,0xFFFFFFFF,0xFFFFFFFF,0xFFFFFFFF,
    0xFFFFFFFF,0xFFFFFFFF,0xFFFFFFFF,0xFFFFFFFF,0xFFFFFFFF,0xFFFFFFFF,0xA3FFFFFF,
    0x01FFFFFF,0x00000000,0x00000000,0x00000000,0x00000000,0x00000000,0x00000000,
    0x00000000,0x00000000,0x00000000,0x00000000,0x00000000,0x00000000,0x00000000,
    0x00000000,0x00000000,0x00000000,0x00000000,0x00000000,0x00000000,0x00000000,
    0x00000000,0x00000000,0x00000000,0x00000000,0x02FFFFFF,0x11FFFFFF,0x1FFFFFFF,
    0x3DFFFFFF,0x69FFFFFF,0x97FFFFFF,0xC3FFFFFF,0xF8FFFFFF,0xFFFFFFFF,0xFFFFFFFF,
    0xFFFFFFFF,0xFFFFFFFF,0xFFFFFFFF,0xFFFFFFFF,0xFFFFFFFF,0xFFFFFFFF,0xFFFFFFFF,
    0xFFFFFFFF,0xFFFFFFFF,0xFFFFFFFF,0xFFFFFFFF,0xFFFFFFFF,0xFFFFFFFF,0xFFFFFFFF,
    0xFFFFFFFF,0xFFFFFFFF,0xFFFFFFFF,0xFFFFFFFF,0xFFFFFFFF,0xFFFFFFFF,0xFFFFFFFF,
    0xFFFFFFFF,0xFFFFFFFF,0xCCFFFFFF,0x05FFFFFF,0x00000000,0x00000000,0x00000000,
    0x00000000,0x00000000,0x00000000,0x00000000,0x00000000,0x00000000,0x00000000,
    0x00000000,0x00000000,0x00000000,0x00000000,0x00000000,0x00000000,0x00000000,
    0x00000000,0x00000000,0x00000000,0x00000000,0x00000000,0x00000000,0x00000000,
    0x00000000,0x00000000,0x00000000,0x00000000,0x00000000,0x00000000,0x00000000,
    0x00000000,0x00000000,0x00000000,0x00000000,0x00000000,0x00000000,0x00000000,
    0x00000000,0x00000000,0x00000000,0x00000000,0x00000000,0x00000000,0x00000000,
    0x00000000,0x00000000,0x00000000,0x00000000,0x0CFFFFFF,0x53FFFFFF,0xB2FFFFFF,
    0xFBFFFFFF,0xFFFFFFFF,0xFFFFFFFF,0xFFFFFFFF,0xFFFFFFFF,0xFFFFFFFF,0xFFFFFFFF,
    0xFFFFFFFF,0xFFFFFFFF,0xFFFFFFFF,0xFFFFFFFF,0xFFFFFFFF,0xFFFFFFFF,0xFFFFFFFF,
    0xFFFFFFFF,0xFFFFFFFF,0xFFFFFFFF,0xFFFFFFFF,0xFFFFFFFF,0xFFFFFFFF,0xFFFFFFFF,
    0xFFFFFFFF,0xFFFFFFFF,0xFFFFFFFF,0xFFFFFFFF,0xA1FFFFFF,0x70FFFFFF,0xFFFFFFFF,
    0xFFFFFFFF,0xFFFFFFFF,0xFFFFFFFF,0xFFFFFFFF,0xFFFFFFFF,0xFFFFFFFF,0xFFFFFFFF,
    0xFFFFFFFF,0xFFFFFFFF,0xFFFFFFFF,0xFFFFFFFF,0xFFFFFFFF,0xFFFFFFFF,0xFFFFFFFF,
    0xFFFFFFFF,0xFFFFFFFF,0xFAFFFFFF,0x12FFFFFF,0x00000000,0x00000000,0x00000000,
    0x00000000,0x00000000,0x00000000,0x00000000,0x00000000,0x00000000,0x00000000,
    0x00000000,0x00000000,0x00000000,0x00000000,0x00000000,0x00000000,0x00000000,
    0x00000000,0x00000000,0x06FFFFFF,0xC2FFFFFF,0xFFFFFFFF,0xFFFFFFFF,0xFFFFFFFF,
    0xFFFFFFFF,0xFFFFFFFF,0xFFFFFFFF,0xFFFFFFFF,0xFFFFFFFF,0xFFFFFFFF,0xFFFFFFFF,
    0xFFFFFFFF,0xFFFFFFFF,0xFFFFFFFF,0xFFFFFFFF,0xFFFFFFFF,0xFFFFFFFF,0xFFFFFFFF,
    0xFFFFFFFF,0xFFFFFFFF,0xBBFFFFFF,0x06FFFFFF,0x00000000,0x00000000,0x00000000,
    0x00000000,0x00000000,0x00000000,0x00000000,0x00000000,0x00000000,0x00000000,
    0x00000000,0x00000000,0x00000000,0x00000000,0x00000000,0x00000000,0x00000000,
    0x00000000,0x00000000,0x00000000,0x00000000,0x00000000,0x00000000,0x00000000,
    0x00000000,0x00000000,0x00000000,0x00000000,0x00000000,0x00000000,0x00000000,
    0x00000000,0x0BFFFFFF,0x50FFFFFF,0xAEFFFFFF,0xFAFFFFFF,0xFFFFFFFF,0xFFFFFFFF,
    0xFFFFFFFF,0xFFFFFFFF,0xFFFFFFFF,0xFFFFFFFF,0xFFFFFFFF,0xFFFFFFFF,0xFFFFFFFF,
    0xFFFFFFFF,0xFFFFFFFF,0xFFFFFFFF,0xFFFFFFFF,0xFFFFFFFF,0xFFFFFFFF,0xFFFFFFFF,
    0xFFFFFFFF,0xFFFFFFFF,0xFFFFFFFF,0xFFFFFFFF,0xFFFFFFFF,0xFFFFFFFF,0xFFFFFFFF,
    0x82FFFFFF,0x00000000,0x00000000,0x00000000,0x00000000,0x00000000,0x00000000,
    0x00000000,0x00000000,0x00000000,0x00000000,0x00000000,0x00000000,0x00000000,
    0x00000000,0x00000000,0x00000000,0x00000000,0x00000000,0x00000000,0x00000000,
    0x00000000,0x00000000,0x00000000,0x00000000,0x00000000,0x00000000,0x00000000,
    0x00000000,0x00000000,0x00000000,0x00000000,0x00000000,0x00000000,0x00000000,
    0x00000000,0x00000000,0x00000000,0x00000000,0x00000000,0x00000000,0x00000000,
    0x00000000,0x00000000,0x00000000,0x00000000,0x00000000,0x00000000,0x00000000,
    0x00000000,0x00000000,0x00000000,0x00000000,0x24FFFFFF,0xA3FFFFFF,0xFEFFFFFF,
    0xFFFFFFFF,0xFFFFFFFF,0xFFFFFFFF,0xFFFFFFFF,0xFFFFFFFF,0xFFFFFFFF,0xFFFFFFFF,
    0xFFFFFFFF,0xFFFFFFFF,0xFFFFFFFF,0xFFFFFFFF,0xFFFFFFFF,0xFFFFFFFF,0xFFFFFFFF,
    0xFFFFFFFF,0xFFFFFFFF,0xFFFFFFFF,0xFFFFFFFF,0xFFFFFFFF,0xFFFFFFFF,0xFFFFFFFF,
    0xFFFFFFFF,0xF0FFFFFF,0x1DFFFFFF,0xFCFFFFFF,0xFFFFFFFF,0xFFFFFFFF,0xFFFFFFFF,
    0xFFFFFFFF,0xFFFFFFFF,0xFFFFFFFF,0xFFFFFFFF,0xFFFFFFFF,0xFFFFFFFF,0xFFFFFFFF,
    0xFFFFFFFF,0xFFFFFFFF,0xFFFFFFFF,0xFFFFFFFF,0xFFFFFFFF,0xFFFFFFFF,0xFFFFFFFF,
    0x65FFFFFF,0x00000000,0x00000000,0x00000000,0x00000000,0x00000000,0x00000000,
    0x00000000,0x00000000,0x00000000,0x00000000,0x00000000,0x00000000,0x00000000,
    0x00000000,0x00000000,0x00000000,0x00000000,0x00000000,0x00000000,0x9FFFFFFF,
    0xFFFFFFFF,0xFFFFFFFF,0xFFFFFFFF,0xFFFFFFFF,0xFFFFFFFF,0xFFFFFFFF,0xFFFFFFFF,
    0xFFFFFFFF,0xFFFFFFFF,0xFFFFFFFF,0xFFFFFFFF,0xFFFFFFFF,0xFFFFFFFF,0xFFFFFFFF,
    0xFFFFFFFF,0xFFFFFFFF,0xFFFFFFFF,0xFFFFFFFF,0xFFFFFFFF,0xD0FFFFFF,0x0EFFFFFF,
    0x00000000,0x00000000,0x00000000,0x00000000,0x00000000,0x00000000,0x00000000,
    0x00000000,0x00000000,0x00000000,0x00000000,0x00000000,0x00000000,0x00000000,
    0x00000000,0x00000000,0x00000000,0x00000000,0x00000000,0x00000000,0x00000000,
    0x00000000,0x00000000,0x00000000,0x00000000,0x00000000,0x00000000,0x00000000,
    0x00000000,0x00000000,0x00000000,0x00000000,0x00000000,0x00000000,0x00000000,
    0x00000000,0x20FFFFFF,0x9DFFFFFF,0xFDFFFFFF,0xFFFFFFFF,0xFFFFFFFF,0xFFFFFFFF,
    0xFFFFFFFF,0xFFFFFFFF,0xFFFFFFFF,0xFFFFFFFF,0xFFFFFFFF,0xFFFFFFFF,0xFFFFFFFF,
    0xFFFFFFFF,0xFFFFFFFF,0xFFFFFFFF,0xFFFFFFFF,0xFFFFFFFF,0xFFFFFFFF,0xFFFFFFFF,
    0xFFFFFFFF,0xFFFFFFFF,0xFFFFFFFF,0xFFFFFFFF,0xF8FFFFFF,0x1CFFFFFF,0x00000000,
    0x00000000,0x00000000,0x00000000,0x00000000,0x00000000,0x00000000,0x00000000,
    0x00000000,0x00000000,0x00000000,0x00000000,0x00000000,0x00000000,0x06FFFFFF,
    0x11FFFFFF,0x11FFFFFF,0x11FFFFFF,0x11FFFFFF,0x11FFFFFF,0x11FFFFFF,0x11FFFFFF,
    0x11FFFFFF,0x11FFFFFF,0x11FFFFFF,0x11FFFFFF,0x11FFFFFF,0x11FFFFFF,0x11FFFFFF,
    0x11FFFFFF,0x11FFFFFF,0x11FFFFFF,0x11FFFFFF,0x11FFFFFF,0x00000000,0x00000000,
    0x00000000,0x00000000,0x00000000,0x00000000,0x00000000,0x00000000,0x00000000,
    0x00000000,0x00000000,0x00000000,0x00000000,0x00000000,0x00000000,0x00000000,
    0x00000000,0x00000000,0x00000000,0x45FFFFFF,0xE9FFFFFF,0xFFFFFFFF,0xFFFFFFFF,
    0xFFFFFFFF,0xFFFFFFFF,0xFFFFFFFF,0xFFFFFFFF,0xFFFFFFFF,0xFFFFFFFF,0xFFFFFFFF,
    0xFFFFFFFF,0xFFFFFFFF,0xFFFFFFFF,0xFFFFFFFF,0xFFFFFFFF,0xFFFFFFFF,0xFFFFFFFF,
    0xFFFFFFFF,0xFFFFFFFF,0xFFFFFFFF,0xFFFFFFFF,0xFFFFFFFF,0xFFFFFFFF,0x33FFFFFF,
    0xBAFFFFFF,0xFFFFFFFF,0xFFFFFFFF,0xFFFFFFFF,0xFFFFFFFF,0xFFFFFFFF,0xFFFFFFFF,
    0xFFFFFFFF,0xFFFFFFFF,0xFFFFFFFF,0xFFFFFFFF,0xFFFFFFFF,0xFFFFFFFF,0xFFFFFFFF,
    0xFFFFFFFF,0xFFFFFFFF,0xFFFFFFFF,0xFFFFFFFF,0xBCFFFFFF,0x00000000,0x00000000,
    0x00000000,0x00000000,0x00000000,0x00000000,0x00000000,0x00000000,0x00000000,
    0x00000000,0x00000000,0x00000000,0x00000000,0x00000000,0x00000000,0x00000000,
    0x00000000,0x00000000,0x77FFFFFF,0xFFFFFFFF,0xFFFFFFFF,0xFFFFFFFF,0xFFFFFFFF,
    0xFFFFFFFF,0xFFFFFFFF,0xFFFFFFFF,0xFFFFFFFF,0xFFFFFFFF,0xFFFFFFFF,0xFFFFFFFF,
    0xFFFFFFFF,0xFFFFFFFF,0xFFFFFFFF,0xFFFFFFFF,0xFFFFFFFF,0xFFFFFFFF,0xFFFFFFFF,
    0xFFFFFFFF,0xE1FFFFFF,0x1AFFFFFF,0x06FFFFFF,0x11FFFFFF,0x11FFFFFF,0x11FFFFFF,
    0x11FFFFFF,0x11FFFFFF,0x11FFFFFF,0x11FFFFFF,0x11FFFFFF,0x11FFFFFF,0x11FFFFFF,
    0x11FFFFFF,0x11FFFFFF,0x11FFFFFF,0x11FFFFFF,0x11FFFFFF,0x11FFFFFF,0x11FFFFFF,
    0x11FFFFFF,0x11FFFFFF,0x00000000,0x00000000,0x00000000,0x00000000,0x00000000,
    0x00000000,0x00000000,0x00000000,0x00000000,0x00000000,0x00000000,0x00000000,
    0x00000000,0x00000000,0x00000000,0x00000000,0x00000000,0x00000000,0x00000000,
    0x3DFFFFFF,0xE3FFFFFF,0xFFFFFFFF,0xFFFFFFFF,0xFFFFFFFF,0xFFFFFFFF,0xFFFFFFFF,
    0xFFFFFFFF,0xFFFFFFFF,0xFFFFFFFF,0xFFFFFFFF,0xFFFFFFFF,0xFFFFFFFF,0xFFFFFFFF,
    0xFFFFFFFF,0xFFFFFFFF,0xFFFFFFFF,0xFFFFFFFF,0xFFFFFFFF,0xFFFFFFFF,0xFFFFFFFF,
    0xFFFFFFFF,0xFFFFFFFF,0x94FFFFFF,0x00000000,0x00000000,0x00000000,0x00000000,
    0x00000000,0x00000000,0x00000000,0x00000000,0x00000000,0x00000000,0x00000000,
    0x00000000,0x00000000,0x00000000,0x7AFFFFFF,0xFFFFFFFF,0xFFFFFFFF,0xFFFFFFFF,
    0xFFFFFFFF,0xFFFFFFFF,0xFFFFFFFF,0xFFFFFFFF,0xFFFFFFFF,0xFFFFFFFF,0xFFFFFFFF,
    0xFFFFFFFF,0xFFFFFFFF,0xFFFFFFFF,0xFFFFFFFF,0xFFFFFFFF,0xFFFFFFFF,0xFFFFFFFF,
    0xFFFFFFFF,0xD8FFFFFF,0x00000000,0x00000000,0x00000000,0x00000000,0x00000000,
    0x00000000,0x00000000,0x00000000,0x00000000,0x00000000,0x00000000,0x00000000,
    0x00000000,0x00000000,0x00000000,0x00000000,0x00000000,0x00000000,0x00000000,
    0x00000000,0x20FFFFFF,0xDEFFFFFF,0xFFFFFFFF,0xFFFFFFFF,0xFFFFFFFF,0xFFFFFFFF,
    0xFFFFFFFF,0xFFFFFFFF,0xFFFFFFFF,0xFFFFFFFF,0xFFFFFFFF,0xFFFFFFFF,0xFFFFFFFF,
    0xFFFFFFFF,0xFFFFFFFF,0xFFFFFFFF,0xFFFFFFFF,0xFFFFFFFF,0xFFFFFFFF,0xFFFFFFFF,
    0xFFFFFFFF,0xFFFFFFFF,0xFFFFFFFF,0x66FFFFFF,0x60FFFFFF,0xFFFFFFFF,0xFFFFFFFF,
    0xFFFFFFFF,0xFFFFFFFF,0xFFFFFFFF,0xFFFFFFFF,0xFFFFFFFF,0xFFFFFFFF,0xFFFFFFFF,
    0xFFFFFFFF,0xFFFFFFFF,0xFFFFFFFF,0xFFFFFFFF,0xFFFFFFFF,0xFFFFFFFF,0xFFFFFFFF,
    0xFFFFFFFF,0xFCFFFFFF,0x17FFFFFF,0x00000000,0x00000000,0x00000000,0x00000000,
    0x00000000,0x00000000,0x00000000,0x00000000,0x00000000,0x00000000,0x00000000,
    0x00000000,0x00000000,0x00000000,0x00000000,0x00000000,0x4FFFFFFF,0xFDFFFFFF,
    0xFFFFFFFF,0xFFFFFFFF,0xFFFFFFFF,0xFFFFFFFF,0xFFFFFFFF,0xFFFFFFFF,0xFFFFFFFF,
    0xFFFFFFFF,0xFFFFFFFF,0xFFFFFFFF,0xFFFFFFFF,0xFFFFFFFF,0xFFFFFFFF,0xFFFFFFFF,
    0xFFFFFFFF,0xFFFFFFFF,0xFFFFFFFF,0xFFFFFFFF,0xEEFFFFFF,0x2AFFFFFF,0x00000000,
    0x74FFFFFF,0xFFFFFFFF,0xFFFFFFFF,0xFFFFFFFF,0xFFFFFFFF,0xFFFFFFFF,0xFFFFFFFF,
    0xFFFFFFFF,0xFFFFFFFF,0xFFFFFFFF,0xFFFFFFFF,0xFFFFFFFF,0xFFFFFFFF,0xFFFFFFFF,
    0xFFFFFFFF,0xFFFFFFFF,0xFFFFFFFF,0xFFFFFFFF,0xFFFFFFFF,0xDEFFFFFF,0x00000000,
    0x00000000,0x00000000,0x00000000,0x00000000,0x00000000,0x00000000,0x00000000,
    0x00000000,0x00000000,0x00000000,0x00000000,0x00000000,0x00000000,0x00000000,
    0x00000000,0x00000000,0x00000000,0x00000000,0x00000000,0x1AFFFFFF,0xD6FFFFFF,
    0xFFFFFFFF,0xFFFFFFFF,0xFFFFFFFF,0xFFFFFFFF,0xFFFFFFFF,0xFFFFFFFF,0xFFFFFFFF,
    0xFFFFFFFF,0xFFFFFFFF,0xFFFFFFFF,0xFFFFFFFF,0xFFFFFFFF,0xFFFFFFFF,0xFFFFFFFF,
    0xFFFFFFFF,0xFFFFFFFF,0xFFFFFFFF,0xFFFFFFFF,0xFFFFFFFF,0xFFFFFFFF,0xF4FFFFFF,
    0x09FFFFFF,0x00000000,0x00000000,0x00000000,0x00000000,0x00000000,0x00000000,
    0x00000000,0x00000000,0x00000000,0x00000000,0x00000000,0x00000000,0x00000000,
    0xB6FFFFFF,0xFFFFFFFF,0xFFFFFFFF,0xFFFFFFFF,0xFFFFFFFF,0xFFFFFFFF,0xFFFFFFFF,
    0xFFFFFFFF,0xFFFFFFFF,0xFFFFFFFF,0xFFFFFFFF,0xFFFFFFFF,0xFFFFFFFF,0xFFFFFFFF,
    0xFFFFFFFF,0xFFFFFFFF,0xFFFFFFFF,0xFFFFFFFF,0xFFFFFFFF,0x9CFFFFFF,0x00000000,
    0x00000000,0x00000000,0x00000000,0x00000000,0x00000000,0x00000000,0x00000000,
    0x00000000,0x00000000,0x00000000,0x00000000,0x00000000,0x00000000,0x00000000,
    0x00000000,0x00000000,0x00000000,0x00000000,0x00000000,0x00000000,0x27FFFFFF,
    0xF3FFFFFF,0xFFFFFFFF,0xFFFFFFFF,0xFFFFFFFF,0xFFFFFFFF,0xFFFFFFFF,0xFFFFFFFF,
    0xFFFFFFFF,0xFFFFFFFF,0xFFFFFFFF,0xFFFFFFFF,0xFFFFFFFF,0xFFFFFFFF,0xFFFFFFFF,
    0xFFFFFFFF,0xFFFFFFFF,0xFFFFFFFF,0xFFFFFFFF,0xFFFFFFFF,0xFFFFFFFF,0xFFFFFFFF,
    0x85FFFFFF,0x0EFFFFFF,0xF6FFFFFF,0xFFFFFFFF,0xFFFFFFFF,0xFFFFFFFF,0xFFFFFFFF,
    0xFFFFFFFF,0xFFFFFFFF,0xFFFFFFFF,0xFFFFFFFF,0xFFFFFFFF,0xFFFFFFFF,0xFFFFFFFF,
    0xFFFFFFFF,0xFFFFFFFF,0xFFFFFFFF,0xFFFFFFFF,0xFFFFFFFF,0xFFFFFFFF,0x68FFFFFF,
    0x00000000,0x00000000,0x00000000,0x00000000,0x00000000,0x00000000,0x00000000,
    0x00000000,0x00000000,0x00000000,0x00000000,0x00000000,0x00000000,0x00000000,
    0x00000000,0x2AFFFFFF,0xF2FFFFFF,0xFFFFFFFF,0xFFFFFFFF,0xFFFFFFFF,0xFFFFFFFF,
    0xFFFFFFFF,0xFFFFFFFF,0xFFFFFFFF,0xFFFFFFFF,0xFFFFFFFF,0xFFFFFFFF,0xFFFFFFFF,
    0xFFFFFFFF,0xFFFFFFFF,0xFFFFFFFF,0xFFFFFFFF,0xFFFFFFFF,0xFFFFFFFF,0xFFFFFFFF,
    0xF7FFFFFF,0x3EFFFFFF,0x00000000,0x00000000,0xB0FFFFFF,0xFFFFFFFF,0xFFFFFFFF,
    0xFFFFFFFF,0xFFFFFFFF,0xFFFFFFFF,0xFFFFFFFF,0xFFFFFFFF,0xFFFFFFFF,0xFFFFFFFF,
    0xFFFFFFFF,0xFFFFFFFF,0xFFFFFFFF,0xFFFFFFFF,0xFFFFFFFF,0xFFFFFFFF,0xFFFFFFFF,
    0xFFFFFFFF,0xFFFFFFFF,0xA1FFFFFF,0x00000000,0x00000000,0x00000000,0x00000000,
    0x00000000,0x00000000,0x00000000,0x00000000,0x00000000,0x00000000,0x00000000,
    0x00000000,0x00000000,0x00000000,0x00000000,0x00000000,0x00000000,0x00000000,
    0x00000000,0x00000000,0x00000000,0x1EFFFFFF,0xECFFFFFF,0xFFFFFFFF,0xFFFFFFFF,
    0xFFFFFFFF,0xFFFFFFFF,0xFFFFFFFF,0xFFFFFFFF,0xFFFFFFFF,0xFFFFFFFF,0xFFFFFFFF,
    0xFFFFFFFF,0xFFFFFFFF,0xFFFFFFFF,0xFFFFFFFF,0xFFFFFFFF,0xFFFFFFFF,0xFFFFFFFF,
    0xFFFFFFFF,0xFFFFFFFF,0xFFFFFFFF,0xFFFFFFFF,0x50FFFFFF,0x00000000,0x00000000,
    0x00000000,0x00000000,0x00000000,0x00000000,0x00000000,0x00000000,0x00000000,
    0x00000000,0x00000000,0x00000000,0x03FFFFFF,0xF0FFFFFF,0xFFFFFFFF,0xFFFFFFFF,
    0xFFFFFFFF,0xFFFFFFFF,0xFFFFFFFF,0xFFFFFFFF,0xFFFFFFFF,0xFFFFFFFF,0xFFFFFFFF,
    0xFFFFFFFF,0xFFFFFFFF,0xFFFFFFFF,0xFFFFFFFF,0xFFFFFFFF,0xFFFFFFFF,0xFFFFFFFF,
    0xFFFFFFFF,0xFFFFFFFF,0x5FFFFFFF,0x00000000,0x00000000,0x00000000,0x00000000,
    0x00000000,0x00000000,0x00000000,0x00000000,0x00000000,0x00000000,0x00000000,
    0x00000000,0x00000000,0x00000000,0x00000000,0x00000000,0x00000000,0x00000000,
    0x00000000,0x00000000,0x00000000,0x00000000,0x6FFFFFFF,0xFFFFFFFF,0xFFFFFFFF,
    0xFFFFFFFF,0xFFFFFFFF,0xFFFFFFFF,0xFFFFFFFF,0xFFFFFFFF,0xFFFFFFFF,0xFFFFFFFF,
    0xFFFFFFFF,0xFFFFFFFF,0xFFFFFFFF,0xFFFFFFFF,0xFFFFFFFF,0xFFFFFFFF,0xFFFFFFFF,
    0xFFFFFFFF,0xFFFFFFFF,0xFFFFFFFF,0xFFFFFFFF,0xA3FFFFFF,0x00000000,0xAAFFFFFF,
    0xFFFFFFFF,0xFFFFFFFF,0xFFFFFFFF,0xFFFFFFFF,0xFFFFFFFF,0xFFFFFFFF,0xFFFFFFFF,
    0xFFFFFFFF,0xFFFFFFFF,0xFFFFFFFF,0xFFFFFFFF,0xFFFFFFFF,0xFFFFFFFF,0xFFFFFFFF,
    0xFFFFFFFF,0xFFFFFFFF,0xFFFFFFFF,0xBDFFFFFF,0x00000000,0x00000000,0x00000000,
    0x00000000,0x00000000,0x00000000,0x00000000,0x00000000,0x00000000,0x00000000,
    0x00000000,0x00000000,0x00000000,0x00000000,0x11FFFFFF,0xDBFFFFFF,0xFFFFFFFF,
    0xFFFFFFFF,0xFFFFFFFF,0xFFFFFFFF,0xFFFFFFFF,0xFFFFFFFF,0xFFFFFFFF,0xFFFFFFFF,
    0xFFFFFFFF,0xFFFFFFFF,0xFFFFFFFF,0xFFFFFFFF,0xFFFFFFFF,0xFFFFFFFF,0xFFFFFFFF,
    0xFFFFFFFF,0xFFFFFFFF,0xFFFFFFFF,0xFDFFFFFF,0x55FFFFFF,0x00000000,0x00000000,
    0x01FFFFFF,0xECFFFFFF,0xFFFFFFFF,0xFFFFFFFF,0xFFFFFFFF,0xFFFFFFFF,0xFFFFFFFF,
    0xFFFFFFFF,0xFFFFFFFF,0xFFFFFFFF,0xFFFFFFFF,0xFFFFFFFF,0xFFFFFFFF,0xFFFFFFFF,
    0xFFFFFFFF,0xFFFFFFFF,0xFFFFFFFF,0xFFFFFFFF,0xFFFFFFFF,0xFFFFFFFF,0x65FFFFFF,
    0x00000000,0x00000000,0x00000000,0x00000000,0x00000000,0x00000000,0x00000000,
    0x00000000,0x00000000,0x00000000,0x00000000,0x00000000,0x00000000,0x00000000,
    0x00000000,0x00000000,0x00000000,0x00000000,0x00000000,0x00000000,0x00000000,
    0x00000000,0x5EFFFFFF,0xFFFFFFFF,0xFFFFFFFF,0xFFFFFFFF,0xFFFFFFFF,0xFFFFFFFF,
    0xFFFFFFFF,0xFFFFFFFF,0xFFFFFFFF,0xFFFFFFFF,0xFFFFFFFF,0xFFFFFFFF,0xFFFFFFFF,
    0xFFFFFFFF,0xFFFFFFFF,0xFFFFFFFF,0xFFFFFFFF,0xFFFFFFFF,0xFFFFFFFF,0xFFFFFFFF,
    0xFFFFFFFF,0x98FFFFFF,0x00000000,0x00000000,0x00000000,0x00000000,0x00000000,
    0x00000000,0x00000000,0x00000000,0x00000000,0x00000000,0x00000000,0x00000000,
    0x30FFFFFF,0xFFFFFFFF,0xFFFFFFFF,0xFFFFFFFF,0xFFFFFFFF,0xFFFFFFFF,0xFFFFFFFF,
    0xFFFFFFFF,0xFFFFFFFF,0xFFFFFFFF,0xFFFFFFFF,0xFFFFFFFF,0xFFFFFFFF,0xFFFFFFFF,
    0xFFFFFFFF,0xFFFFFFFF,0xFFFFFFFF,0xFFFFFFFF,0xFFFFFFFF,0xFFFFFFFF,0x23FFFFFF,
    0x00000000,0x00000000,0x00000000,0x00000000,0x00000000,0x00000000,0x00000000,
    0x00000000,0x00000000,0x00000000,0x00000000,0x00000000,0x00000000,0x00000000,
    0x00000000,0x00000000,0x00000000,0x00000000,0x00000000,0x00000000,0x00000000,
    0x00000000,0x08FFFFFF,0xEAFFFFFF,0xFFFFFFFF,0xFFFFFFFF,0xFFFFFFFF,0xFFFFFFFF,
    0xFFFFFFFF,0xFFFFFFFF,0xFFFFFFFF,0xFFFFFFFF,0xFFFFFFFF,0xFFFFFFFF,0xFFFFFFFF,
    0xFFFFFFFF,0xFFFFFFFF,0xFFFFFFFF,0xFFFFFFFF,0xFFFFFFFF,0xFFFFFFFF,0xFFFFFFFF,
    0xFFFFFFFF,0xC2FFFFFF,0x00000000,0x50FFFFFF,0xFFFFFFFF,0xFFFFFFFF,0xFFFFFFFF,
    0xFFFFFFFF,0xFFFFFFFF,0xFFFFFFFF,0xFFFFFFFF,0xFFFFFFFF,0xFFFFFFFF,0xFFFFFFFF,
    0xFFFFFFFF,0xFFFFFFFF,0xFFFFFFFF,0xFFFFFFFF,0xFFFFFFFF,0xFFFFFFFF,0xFFFFFFFF,
    0xFCFFFFFF,0x16FFFFFF,0x00000000,0x00000000,0x00000000,0x00000000,0x00000000,
    0x00000000,0x00000000,0x00000000,0x00000000,0x00000000,0x00000000,0x00000000,
    0x03FFFFFF,0xB9FFFFFF,0xFFFFFFFF,0xFFFFFFFF,0xFFFFFFFF,0xFFFFFFFF,0xFFFFFFFF,
    0xFFFFFFFF,0xFFFFFFFF,0xFFFFFFFF,0xFFFFFFFF,0xFFFFFFFF,0xFFFFFFFF,0xFFFFFFFF,
    0xFFFFFFFF,0xFFFFFFFF,0xFFFFFFFF,0xFFFFFFFF,0xFFFFFFFF,0xFFFFFFFF,0xFFFFFFFF,
    0x70FFFFFF,0x00000000,0x00000000,0x00000000,0x2BFFFFFF,0xFFFFFFFF,0xFFFFFFFF,
    0xFFFFFFFF,0xFFFFFFFF,0xFFFFFFFF,0xFFFFFFFF,0xFFFFFFFF,0xFFFFFFFF,0xFFFFFFFF,
    0xFFFFFFFF,0xFFFFFFFF,0xFFFFFFFF,0xFFFFFFFF,0xFFFFFFFF,0xFFFFFFFF,0xFFFFFFFF,
    0xFFFFFFFF,0xFFFFFFFF,0xFFFFFFFF,0x28FFFFFF,0x00000000,0x00000000,0x00000000,
    0x00000000,0x00000000,0x00000000,0x00000000,0x00000000,0x00000000,0x00000000,
    0x00000000,0x00000000,0x00000000,0x00000000,0x00000000,0x00000000,0x00000000,
    0x00000000,0x00000000,0x00000000,0x00000000,0x00000000,0x03FFFFFF,0xDDFFFFFF,
    0xFFFFFFFF,0xFFFFFFFF,0xFFFFFFFF,0xFFFFFFFF,0xFFFFFFFF,0xFFFFFFFF,0xFFFFFFFF,
    0xFFFFFFFF,0xFFFFFFFF,0xFFFFFFFF,0xFFFFFFFF,0xFFFFFFFF,0xFFFFFFFF,0xFFFFFFFF,
    0xFFFFFFFF,0xFFFFFFFF,0xFFFFFFFF,0xFFFFFFFF,0xFFFFFFFF,0xC1FFFFFF,0x00000000,
    0x00000000,0x00000000,0x00000000,0x00000000,0x00000000,0x00000000,0x00000000,
    0x00000000,0x00000000,0x00000000,0x00000000,0x6DFFFFFF,0xFFFFFFFF,0xFFFFFFFF,
    0xFFFFFFFF,0xFFFFFFFF,0xFFFFFFFF,0xFFFFFFFF,0xFFFFFFFF,0xFFFFFFFF,0xFFFFFFFF,
    0xFFFFFFFF,0xFFFFFFFF,0xFFFFFFFF,0xFFFFFFFF,0xFFFFFFFF,0xFFFFFFFF,0xFFFFFFFF,
    0xFFFFFFFF,0xFFFFFFFF,0xE5FFFFFF,0x00000000,0x00000000,0x00000000,0x00000000,
    0x00000000,0x00000000,0x00000000,0x00000000,0x00000000,0x00000000,0x00000000,
    0x00000000,0x00000000,0x00000000,0x00000000,0x00000000,0x00000000,0x00000000,
    0x00000000,0x00000000,0x00000000,0x00000000,0x00000000,0x00000000,0x9DFFFFFF,
    0xFFFFFFFF,0xFFFFFFFF,0xFFFFFFFF,0xFFFFFFFF,0xFFFFFFFF,0xFFFFFFFF,0xFFFFFFFF,
    0xFFFFFFFF,0xFFFFFFFF,0xFFFFFFFF,0xFFFFFFFF,0xFFFFFFFF,0xFFFFFFFF,0xFFFFFFFF,
    0xFFFFFFFF,0xFFFFFFFF,0xFFFFFFFF,0xFFFFFFFF,0xFFFFFFFF,0xCEFFFFFF,0x00000000,
    0x07FFFFFF,0xEEFFFFFF,0xFFFFFFFF,0xFFFFFFFF,0xFFFFFFFF,0xFFFFFFFF,0xFFFFFFFF,
    0xFFFFFFFF,0xFFFFFFFF,0xFFFFFFFF,0xFFFFFFFF,0xFFFFFFFF,0xFFFFFFFF,0xFFFFFFFF,
    0xFFFFFFFF,0xFFFFFFFF,0xFFFFFFFF,0xFFFFFFFF,0xFFFFFFFF,0x68FFFFFF,0x00000000,
    0x00000000,0x00000000,0x00000000,0x00000000,0x00000000,0x00000000,0x00000000,
    0x00000000,0x00000000,0x00000000,0x00000000,0x8CFFFFFF,0xFFFFFFFF,0xFFFFFFFF,
    0xFFFFFFFF,0xFFFFFFFF,0xFFFFFFFF,0xFFFFFFFF,0xFFFFFFFF,0xFFFFFFFF,0xFFFFFFFF,
    0xFFFFFFFF,0xFFFFFFFF,0xFFFFFFFF,0xFFFFFFFF,0xFFFFFFFF,0xFFFFFFFF,0xFFFFFFFF,
    0xFFFFFFFF,0xFFFFFFFF,0xFFFFFFFF,0x8DFFFFFF,0x00000000,0x00000000,0x00000000,
    0x00000000,0x67FFFFFF,0xFFFFFFFF,0xFFFFFFFF,0xFFFFFFFF,0xFFFFFFFF,0xFFFFFFFF,
    0xFFFFFFFF,0xFFFFFFFF,0xFFFFFFFF,0xFFFFFFFF,0xFFFFFFFF,0xFFFFFFFF,0xFFFFFFFF,
    0xFFFFFFFF,0xFFFFFFFF,0xFFFFFFFF,0xFFFFFFFF,0xFFFFFFFF,0xFFFFFFFF,0xEAFFFFFF,
    0x01FFFFFF,0x00000000,0x00000000,0x00000000,0x00000000,0x00000000,0x00000000,
    0x00000000,0x00000000,0x00000000,0x00000000,0x00000000,0x00000000,0x00000000,
    0x00000000,0x00000000,0x00000000,0x00000000,0x00000000,0x00000000,0x00000000,
    0x00000000,0x00000000,0x00000000,0x8AFFFFFF,0xFFFFFFFF,0xFFFFFFFF,0xFFFFFFFF,
    0xFFFFFFFF,0xFFFFFFFF,0xFFFFFFFF,0xFFFFFFFF,0xFFFFFFFF,0xFFFFFFFF,0xFFFFFFFF,
    0xFFFFFFFF,0xFFFFFFFF,0xFFFFFFFF,0xFFFFFFFF,0xFFFFFFFF,0xFFFFFFFF,0xFFFFFFFF,
    0xFFFFFFFF,0xFFFFFFFF,0xE6FFFFFF,0x00000000,0x00000000,0x00000000,0x00000000,
    0x00000000,0x00000000,0x00000000,0x00000000,0x00000000,0x00000000,0x00000000,
    0x00000000,0xAAFFFFFF,0xFFFFFFFF,0xFFFFFFFF,0xFFFFFFFF,0xFFFFFFFF,0xFFFFFFFF,
    0xFFFFFFFF,0xFFFFFFFF,0xFFFFFFFF,0xFFFFFFFF,0xFFFFFFFF,0xFFFFFFFF,0xFFFFFFFF,
    0xFFFFFFFF,0xFFFFFFFF,0xFFFFFFFF,0xFFFFFFFF,0xFFFFFFFF,0xFFFFFFFF,0xA8FFFFFF,
    0x00000000,0x00000000,0x00000000,0x00000000,0x00000000,0x00000000,0x00000000,
    0x00000000,0x00000000,0x00000000,0x00000000,0x00000000,0x00000000,0x00000000,
    0x00000000,0x00000000,0x00000000,0x00000000,0x00000000,0x00000000,0x00000000,
    0x00000000,0x00000000,0x00000000,0x67FFFFFF,0xFFFFFFFF,0xFFFFFFFF,0xFFFFFFFF,
    0xFFFFFFFF,0xFFFFFFFF,0xFFFFFFFF,0xFFFFFFFF,0xFFFFFFFF,0xFFFFFFFF,0xFFFFFFFF,
    0xFFFFFFFF,0xFFFFFFFF,0xFFFFFFFF,0xFFFFFFFF,0xFFFFFFFF,0xFFFFFFFF,0xFFFFFFFF,
    0xFFFFFFFF,0xFFFFFFFF,0xCFFFFFFF,0x00000000,0x00000000,0x9AFFFFFF,0xFFFFFFFF,
    0xFFFFFFFF,0xFFFFFFFF,0xFFFFFFFF,0xFFFFFFFF,0xFFFFFFFF,0xFFFFFFFF,0xFFFFFFFF,
    0xFFFFFFFF,0xFFFFFFFF,0xFFFFFFFF,0xFFFFFFFF,0xFFFFFFFF,0xFFFFFFFF,0xFFFFFFFF,
    0xFFFFFFFF,0xFFFFFFFF,0xBDFFFFFF,0x00000000,0x00000000,0x00000000,0x00000000,
    0x00000000,0x00000000,0x00000000,0x00000000,0x00000000,0x00000000,0x00000000,
    0x5CFFFFFF,0xFFFFFFFF,0xFFFFFFFF,0xFFFFFFFF,0xFFFFFFFF,0xFFFFFFFF,0xFFFFFFFF,
    0xFFFFFFFF,0xFFFFFFFF,0xFFFFFFFF,0xFFFFFFFF,0xFFFFFFFF,0xFFFFFFFF,0xFFFFFFFF,
    0xFFFFFFFF,0xFFFFFFFF,0xFFFFFFFF,0xFFFFFFFF,0xFFFFFFFF,0xFFFFFFFF,0xA8FFFFFF,
    0x02FFFFFF,0x00000000,0x00000000,0x00000000,0x00000000,0xA4FFFFFF,0xFFFFFFFF,
    0xFFFFFFFF,0xFFFFFFFF,0xFFFFFFFF,0xFFFFFFFF,0xFFFFFFFF,0xFFFFFFFF,0xFFFFFFFF,
    0xFFFFFFFF,0xFFFFFFFF,0xFFFFFFFF,0xFFFFFFFF,0xFFFFFFFF,0xFFFFFFFF,0xFFFFFFFF,
    0xFFFFFFFF,0xFFFFFFFF,0xFFFFFFFF,0xAEFFFFFF,0x00000000,0x00000000,0x00000000,
    0x00000000,0x00000000,0x00000000,0x00000000,0x00000000,0x00000000,0x00000000,
    0x00000000,0x00000000,0x00000000,0x00000000,0x00000000,0x00000000,0x00000000,
    0x00000000,0x00000000,0x00000000,0x00000000,0x00000000,0x00000000,0x00000000,
    0x52FFFFFF,0xFFFFFFFF,0xFFFFFFFF,0xFFFFFFFF,0xFFFFFFFF,0xFFFFFFFF,0xFFFFFFFF,
    0xFFFFFFFF,0xFFFFFFFF,0xFFFFFFFF,0xFFFFFFFF,0xFFFFFFFF,0xFFFFFFFF,0xFFFFFFFF,
    0xFFFFFFFF,0xFFFFFFFF,0xFFFFFFFF,0xFFFFFFFF,0xFFFFFFFF,0xFFFFFFFF,0xEFFFFFFF,
    0x00000000,0x00000000,0x00000000,0x00000000,0x00000000,0x00000000,0x00000000,
    0x00000000,0x00000000,0x00000000,0x00000000,0x00000000,0xE6FFFFFF,0xFFFFFFFF,
    0xFFFFFFFF,0xFFFFFFFF,0xFFFFFFFF,0xFFFFFFFF,0xFFFFFFFF,0xFFFFFFFF,0xFFFFFFFF,
    0xFFFFFFFF,0xFFFFFFFF,0xFFFFFFFF,0xFFFFFFFF,0xFFFFFFFF,0xFFFFFFFF,0xFFFFFFFF,
    0xFFFFFFFF,0xFFFFFFFF,0xFFFFFFFF,0x6CFFFFFF,0x00000000,0x00000000,0x00000000,
    0x00000000,0x00000000,0x00000000,0x00000000,0x00000000,0x00000000,0x00000000,
    0x00000000,0x00000000,0x00000000,0x00000000,0x00000000,0x00000000,0x00000000,
    0x00000000,0x00000000,0x00000000,0x00000000,0x00000000,0x00000000,0x00000000,
    0x4EFFFFFF,0xFFFFFFFF,0xFFFFFFFF,0xFFFFFFFF,0xFFFFFFFF,0xFFFFFFFF,0xFFFFFFFF,
    0xFFFFFFFF,0xFFFFFFFF,0xFFFFFFFF,0xFFFFFFFF,0xFFFFFFFF,0xFFFFFFFF,0xFFFFFFFF,
    0xFFFFFFFF,0xFFFFFFFF,0xFFFFFFFF,0xFFFFFFFF,0xFFFFFFFF,0xFFFFFFFF,0xD0FFFFFF,
    0x00000000,0x00000000,0x40FFFFFF,0xFFFFFFFF,0xFFFFFFFF,0xFFFFFFFF,0xFFFFFFFF,
    0xFFFFFFFF,0xFFFFFFFF,0xFFFFFFFF,0xFFFFFFFF,0xFFFFFFFF,0xFFFFFFFF,0xFFFFFFFF,
    0xFFFFFFFF,0xFFFFFFFF,0xFFFFFFFF,0xFFFFFFFF,0xFFFFFFFF,0xFFFFFFFF,0xFCFFFFFF,
    0x16FFFFFF,0x00000000,0x00000000,0x00000000,0x00000000,0x00000000,0x00000000,
    0x00000000,0x00000000,0x00000000,0x35FFFFFF,0xF7FFFFFF,0xFFFFFFFF,0xFFFFFFFF,
    0xFFFFFFFF,0xFFFFFFFF,0xFFFFFFFF,0xFFFFFFFF,0xFFFFFFFF,0xFFFFFFFF,0xFFFFFFFF,
    0xFFFFFFFF,0xFFFFFFFF,0xFFFFFFFF,0xFFFFFFFF,0xFFFFFFFF,0xFFFFFFFF,0xFFFFFFFF,
    0xFFFFFFFF,0xFFFFFFFF,0xC0FFFFFF,0x07FFFFFF,0x00000000,0x00000000,0x00000000,
    0x00000000,0x00000000,0xE0FFFFFF,0xFFFFFFFF,0xFFFFFFFF,0xFFFFFFFF,0xFFFFFFFF,
    0xFFFFFFFF,0xFFFFFFFF,0xFFFFFFFF,0xFFFFFFFF,0xFFFFFFFF,0xFFFFFFFF,0xFFFFFFFF,
    0xFFFFFFFF,0xFFFFFFFF,0xFFFFFFFF,0xFFFFFFFF,0xFFFFFFFF,0xFFFFFFFF,0xFFFFFFFF,
    0x71FFFFFF,0x00000000,0x00000000,0x00000000,0x00000000,0x00000000,0x00000000,
    0x00000000,0x00000000,0x00000000,0x00000000,0x00000000,0x00000000,0x00000000,
    0x00000000,0x00000000,0x00000000,0x00000000,0x00000000,0x00000000,0x00000000,
    0x00000000,0x00000000,0x00000000,0x00000000,0x38FFFFFF,0xFFFFFFFF,0xFFFFFFFF,
    0xFFFFFFFF,0xFFFFFFFF,0xFFFFFFFF,0xFFFFFFFF,0xFFFFFFFF,0xFFFFFFFF,0xFFFFFFFF,
    0xFFFFFFFF,0xFFFFFFFF,0xFFFFFFFF,0xFFFFFFFF,0xFFFFFFFF,0xFFFFFFFF,0xFFFFFFFF,
    0xFFFFFFFF,0xFFFFFFFF,0xFFFFFFFF,0xEDFFFFFF,0x00000000,0x00000000,0x00000000,
    0x00000000,0x00000000,0x00000000,0x00000000,0x00000000,0x00000000,0x00000000,
    0x00000000,0x24FFFFFF,0xFFFFFFFF,0xFFFFFFFF,0xFFFFFFFF,0xFFFFFFFF,0xFFFFFFFF,
    0xFFFFFFFF,0xFFFFFFFF,0xFFFFFFFF,0xFFFFFFFF,0xFFFFFFFF,0xFFFFFFFF,0xFFFFFFFF,
    0xFFFFFFFF,0xFFFFFFFF,0xFFFFFFFF,0xFFFFFFFF,0xFFFFFFFF,0xFFFFFFFF,0xFFFFFFFF,
    0x2FFFFFFF,0x00000000,0x00000000,0x00000000,0x00000000,0x00000000,0x00000000,
    0x00000000,0x00000000,0x00000000,0x00000000,0x00000000,0x00000000,0x00000000,
    0x00000000,0x00000000,0x00000000,0x00000000,0x00000000,0x00000000,0x00000000,
    0x00000000,0x00000000,0x00000000,0x00000000,0x51FFFFFF,0xFFFFFFFF,0xFFFFFFFF,
    0xFFFFFFFF,0xFFFFFFFF,0xFFFFFFFF,0xFFFFFFFF,0xFFFFFFFF,0xFFFFFFFF,0xFFFFFFFF,
    0xFFFFFFFF,0xFFFFFFFF,0xFFFFFFFF,0xFFFFFFFF,0xFFFFFFFF,0xFFFFFFFF,0xFFFFFFFF,
    0xFFFFFFFF,0xFFFFFFFF,0xFFFFFFFF,0xC7FFFFFF,0x00000000,0x00000000,0x02FFFFFF,
    0xE3FFFFFF,0xFFFFFFFF,0xFFFFFFFF,0xFFFFFFFF,0xFFFFFFFF,0xFFFFFFFF,0xFFFFFFFF,
    0xFFFFFFFF,0xFFFFFFFF,0xFFFFFFFF,0xFFFFFFFF,0xFFFFFFFF,0xFFFFFFFF,0xFFFFFFFF,
    0xFFFFFFFF,0xFFFFFFFF,0xFFFFFFFF,0xFFFFFFFF,0x68FFFFFF,0x00000000,0x00000000,
    0x00000000,0x00000000,0x00000000,0x00000000,0x00000000,0x00000000,0x18FFFFFF,
    0xE3FFFFFF,0xFFFFFFFF,0xFFFFFFFF,0xFFFFFFFF,0xFFFFFFFF,0xFFFFFFFF,0xFFFFFFFF,
    0xFFFFFFFF,0xFFFFFFFF,0xFFFFFFFF,0xFFFFFFFF,0xFFFFFFFF,0xFFFFFFFF,0xFFFFFFFF,
    0xFFFFFFFF,0xFFFFFFFF,0xFFFFFFFF,0xFFFFFFFF,0xFFFFFFFF,0xD4FFFFFF,0x10FFFFFF,
    0x00000000,0x00000000,0x00000000,0x00000000,0x00000000,0x1EFFFFFF,0xFFFFFFFF,
    0xFFFFFFFF,0xFFFFFFFF,0xFFFFFFFF,0xFFFFFFFF,0xFFFFFFFF,0xFFFFFFFF,0xFFFFFFFF,
    0xFFFFFFFF,0xFFFFFFFF,0xFFFFFFFF,0xFFFFFFFF,0xFFFFFFFF,0xFFFFFFFF,0xFFFFFFFF,
    0xFFFFFFFF,0xFFFFFFFF,0xFFFFFFFF,0xFFFFFFFF,0x35FFFFFF,0x00000000,0x00000000,
    0x00000000,0x00000000,0x00000000,0x00000000,0x00000000,0x00000000,0x00000000,
    0x00000000,0x00000000,0x00000000,0x00000000,0x00000000,0x00000000,0x00000000,
    0x00000000,0x00000000,0x00000000,0x00000000,0x00000000,0x00000000,0x00000000,
    0x00000000,0x3BFFFFFF,0xFFFFFFFF,0xFFFFFFFF,0xFFFFFFFF,0xFFFFFFFF,0xFFFFFFFF,
    0xFFFFFFFF,0xFFFFFFFF,0xFFFFFFFF,0xFFFFFFFF,0xFFFFFFFF,0xFFFFFFFF,0xFFFFFFFF,
    0xFFFFFFFF,0xFFFFFFFF,0xFFFFFFFF,0xFFFFFFFF,0xFFFFFFFF,0xFFFFFFFF,0xFFFFFFFF,
    0xDFFFFFFF,0x00000000,0x00000000,0x00000000,0x00000000,0x00000000,0x00000000,
    0x00000000,0x00000000,0x00000000,0x00000000,0x00000000,0x60FFFFFF,0xFFFFFFFF,
    0xFFFFFFFF,0xFFFFFFFF,0xFFFFFFFF,0xFFFFFFFF,0xFFFFFFFF,0xFFFFFFFF,0xFFFFFFFF,
    0xFFFFFFFF,0xFFFFFFFF,0xFFFFFFFF,0xFFFFFFFF,0xFFFFFFFF,0xFFFFFFFF,0xFFFFFFFF,
    0xFFFFFFFF,0xFFFFFFFF,0xFFFFFFFF,0xEFFFFFFF,0x02FFFFFF,0x00000000,0x00000000,
    0x00000000,0x00000000,0x00000000,0x00000000,0x00000000,0x00000000,0x00000000,
    0x00000000,0x00000000,0x00000000,0x00000000,0x00000000,0x00000000,0x00000000,
    0x00000000,0x00000000,0x00000000,0x00000000,0x00000000,0x00000000,0x00000000,
    0x00000000,0x67FFFFFF,0xFFFFFFFF,0xFFFFFFFF,0xFFFFFFFF,0xFFFFFFFF,0xFFFFFFFF,
    0xFFFFFFFF,0xFFFFFFFF,0xFFFFFFFF,0xFFFFFFFF,0xFFFFFFFF,0xFFFFFFFF,0xFFFFFFFF,
    0xFFFFFFFF,0xFFFFFFFF,0xFFFFFFFF,0xFFFFFFFF,0xFFFFFFFF,0xFFFFFFFF,0xFFFFFFFF,
    0xA7FFFFFF,0x00000000,0x00000000,0x00000000,0x8AFFFFFF,0xFFFFFFFF,0xFFFFFFFF,
    0xFFFFFFFF,0xFFFFFFFF,0xFFFFFFFF,0xFFFFFFFF,0xFFFFFFFF,0xFFFFFFFF,0xFFFFFFFF,
    0xFFFFFFFF,0xFFFFFFFF,0xFFFFFFFF,0xFFFFFFFF,0xFFFFFFFF,0xFFFFFFFF,0xFFFFFFFF,
    0xFFFFFFFF,0xB9FFFFFF,0x00000000,0x00000000,0x00000000,0x00000000,0x00000000,
    0x00000000,0x00000000,0x05FFFFFF,0xC3FFFFFF,0xFFFFFFFF,0xFFFFFFFF,0xFFFFFFFF,
    0xFFFFFFFF,0xFFFFFFFF,0xFFFFFFFF,0xFFFFFFFF,0xFFFFFFFF,0xFFFFFFFF,0xFFFFFFFF,
    0xFFFFFFFF,0xFFFFFFFF,0xFFFFFFFF,0xFFFFFFFF,0xFFFFFFFF,0xFFFFFFFF,0xFFFFFFFF,
    0xFFFFFFFF,0xE4FFFFFF,0x1DFFFFFF,0x00000000,0x00000000,0x00000000,0x00000000,
    0x00000000,0x00000000,0x5BFFFFFF,0xFFFFFFFF,0xFFFFFFFF,0xFFFFFFFF,0xFFFFFFFF,
    0xFFFFFFFF,0xFFFFFFFF,0xFFFFFFFF,0xFFFFFFFF,0xFFFFFFFF,0xFFFFFFFF,0xFFFFFFFF,
    0xFFFFFFFF,0xFFFFFFFF,0xFFFFFFFF,0xFFFFFFFF,0xFFFFFFFF,0xFFFFFFFF,0xFFFFFFFF,
    0xF3FFFFFF,0x04FFFFFF,0x00000000,0x00000000,0x00000000,0x00000000,0x00000000,
    0x00000000,0x00000000,0x00000000,0x00000000,0x00000000,0x00000000,0x00000000,
    0x00000000,0x00000000,0x00000000,0x00000000,0x00000000,0x00000000,0x00000000,
    0x00000000,0x00000000,0x00000000,0x00000000,0x00000000,0x51FFFFFF,0xFFFFFFFF,
    0xFFFFFFFF,0xFFFFFFFF,0xFFFFFFFF,0xFFFFFFFF,0xFFFFFFFF,0xFFFFFFFF,0xFFFFFFFF,
    0xFFFFFFFF,0xFFFFFFFF,0xFFFFFFFF,0xFFFFFFFF,0xFFFFFFFF,0xFFFFFFFF,0xFFFFFFFF,
    0xFFFFFFFF,0xFFFFFFFF,0xFFFFFFFF,0xFFFFFFFF,0xB7FFFFFF,0x00000000,0x00000000,
    0x00000000,0x00000000,0x00000000,0x00000000,0x00000000,0x00000000,0x00000000,
    0x00000000,0x00000000,0x9DFFFFFF,0xFFFFFFFF,0xFFFFFFFF,0xFFFFFFFF,0xFFFFFFFF,
    0xFFFFFFFF,0xFFFFFFFF,0xFFFFFFFF,0xFFFFFFFF,0xFFFFFFFF,0xFFFFFFFF,0xFFFFFFFF,
    0xFFFFFFFF,0xFFFFFFFF,0xFFFFFFFF,0xFFFFFFFF,0xFFFFFFFF,0xFFFFFFFF,0xFFFFFFFF,
    0xB5FFFFFF,0x00000000,0x00000000,0x00000000,0x00000000,0x00000000,0x00000000,
    0x00000000,0x00000000,0x00000000,0x00000000,0x00000000,0x00000000,0x00000000,
    0x00000000,0x00000000,0x00000000,0x00000000,0x00000000,0x00000000,0x00000000,
    0x00000000,0x00000000,0x00000000,0x00000000,0x00000000,0x93FFFFFF,0xFFFFFFFF,
    0xFFFFFFFF,0xFFFFFFFF,0xFFFFFFFF,0xFFFFFFFF,0xFFFFFFFF,0xFFFFFFFF,0xFFFFFFFF,
    0xFFFFFFFF,0xFFFFFFFF,0xFFFFFFFF,0xFFFFFFFF,0xFFFFFFFF,0xFFFFFFFF,0xFFFFFFFF,
    0xFFFFFFFF,0xFFFFFFFF,0xFFFFFFFF,0xFFFFFFFF,0x85FFFFFF,0x00000000,0x00000000,
    0x00000000,0x30FFFFFF,0xFFFFFFFF,0xFFFFFFFF,0xFFFFFFFF,0xFFFFFFFF,0xFFFFFFFF,
    0xFFFFFFFF,0xFFFFFFFF,0xFFFFFFFF,0xFFFFFFFF,0xFFFFFFFF,0xFFFFFFFF,0xFFFFFFFF,
    0xFFFFFFFF,0xFFFFFFFF,0xFFFFFFFF,0xFFFFFFFF,0xFFFFFFFF,0xF8FFFFFF,0x0BFFFFFF,
    0x00000000,0x00000000,0x00000000,0x00000000,0x00000000,0x00000000,0x8AFFFFFF,
    0xFFFFFFFF,0xFFFFFFFF,0xFFFFFFFF,0xFFFFFFFF,0xFFFFFFFF,0xFFFFFFFF,0xFFFFFFFF,
    0xFFFFFFFF,0xFFFFFFFF,0xFFFFFFFF,0xFFFFFFFF,0xFFFFFFFF,0xFFFFFFFF,0xFFFFFFFF,
    0xFFFFFFFF,0xFFFFFFFF,0xFFFFFFFF,0xFFFFFFFF,0xF0FFFFFF,0x2EFFFFFF,0x00000000,
    0x00000000,0x00000000,0x00000000,0x00000000,0x00000000,0x00000000,0x97FFFFFF,
    0xFFFFFFFF,0xFFFFFFFF,0xFFFFFFFF,0xFFFFFFFF,0xFFFFFFFF,0xFFFFFFFF,0xFFFFFFFF,
    0xFFFFFFFF,0xFFFFFFFF,0xFFFFFFFF,0xFFFFFFFF,0xFFFFFFFF,0xFFFFFFFF,0xFFFFFFFF,
    0xFFFFFFFF,0xFFFFFFFF,0xFFFFFFFF,0xFFFFFFFF,0xBAFFFFFF,0x00000000,0x00000000,
    0x00000000,0x00000000,0x00000000,0x00000000,0x00000000,0x00000000,0x00000000,
    0x00000000,0x00000000,0x00000000,0x00000000,0x00000000,0x00000000,0x00000000,
    0x00000000,0x00000000,0x00000000,0x00000000,0x00000000,0x00000000,0x00000000,
    0x00000000,0x00000000,0x7DFFFFFF,0xFFFFFFFF,0xFFFFFFFF,0xFFFFFFFF,0xFFFFFFFF,
    0xFFFFFFFF,0xFFFFFFFF,0xFFFFFFFF,0xFFFFFFFF,0xFFFFFFFF,0xFFFFFFFF,0xFFFFFFFF,
    0xFFFFFFFF,0xFFFFFFFF,0xFFFFFFFF,0xFFFFFFFF,0xFFFFFFFF,0xFFFFFFFF,0xFFFFFFFF,
    0xFFFFFFFF,0x8EFFFFFF,0x00000000,0x00000000,0x00000000,0x00000000,0x00000000,
    0x00000000,0x00000000,0x00000000,0x00000000,0x00000000,0x00000000,0xDAFFFFFF,
    0xFFFFFFFF,0xFFFFFFFF,0xFFFFFFFF,0xFFFFFFFF,0xFFFFFFFF,0xFFFFFFFF,0xFFFFFFFF,
    0xFFFFFFFF,0xFFFFFFFF,0xFFFFFFFF,0xFFFFFFFF,0xFFFFFFFF,0xFFFFFFFF,0xFFFFFFFF,
    0xFFFFFFFF,0xFFFFFFFF,0xFFFFFFFF,0xFFFFFFFF,0x78FFFFFF,0x00000000,0x00000000,
    0x00000000,0x00000000,0x00000000,0x00000000,0x00000000,0x00000000,0x00000000,
    0x00000000,0x00000000,0x00000000,0x00000000,0x00000000,0x00000000,0x00000000,
    0x00000000,0x00000000,0x00000000,0x00000000,0x00000000,0x00000000,0x00000000,
    0x00000000,0x00000000,0xD8FFFFFF,0xFFFFFFFF,0xFFFFFFFF,0xFFFFFFFF,0xFFFFFFFF,
    0xFFFFFFFF,0xFFFFFFFF,0xFFFFFFFF,0xFFFFFFFF,0xFFFFFFFF,0xFFFFFFFF,0xFFFFFFFF,
    0xFFFFFFFF,0xFFFFFFFF,0xFFFFFFFF,0xFFFFFFFF,0xFFFFFFFF,0xFFFFFFFF,0xFFFFFFFF,
    0xFFFFFFFF,0x40FFFFFF,0x00000000,0x00000000,0x00000000,0x00000000,0xD4FFFFFF,
    0xFFFFFFFF,0xFFFFFFFF,0xFFFFFFFF,0xFFFFFFFF,0xFFFFFFFF,0xFFFFFFFF,0xFFFFFFFF,
    0xFFFFFFFF,0xFFFFFFFF,0xFFFFFFFF,0xFFFFFFFF,0xFFFFFFFF,0xFFFFFFFF,0xFFFFFFFF,
    0xFFFFFFFF,0xFFFFFFFF,0xFFFFFFFF,0x4CFFFFFF,0x00000000,0x00000000,0x00000000,
    0x00000000,0x00000000,0x4BFFFFFF,0xFEFFFFFF,0xFFFFFFFF,0xFFFFFFFF,0xFFFFFFFF,
    0xFFFFFFFF,0xFFFFFFFF,0xFFFFFFFF,0xFFFFFFFF,0xFFFFFFFF,0xFFFFFFFF,0xFFFFFFFF,
    0xFFFFFFFF,0xFFFFFFFF,0xFFFFFFFF,0xFFFFFFFF,0xFFFFFFFF,0xFFFFFFFF,0xFFFFFFFF,
    0xFAFFFFFF,0x45FFFFFF,0x00000000,0x00000000,0x00000000,0x00000000,0x00000000,
    0x00000000,0x00000000,0x00000000,0xD5FFFFFF,0xFFFFFFFF,0xFFFFFFFF,0xFFFFFFFF,
    0xFFFFFFFF,0xFFFFFFFF,0xFFFFFFFF,0xFFFFFFFF,0xFFFFFFFF,0xFFFFFFFF,0xFFFFFFFF,
    0xFFFFFFFF,0xFFFFFFFF,0xFFFFFFFF,0xFFFFFFFF,0xFFFFFFFF,0xFFFFFFFF,0xFFFFFFFF,
    0xFFFFFFFF,0x7EFFFFFF,0x00000000,0x00000000,0x00000000,0x00000000,0x00000000,
    0x00000000,0x00000000,0x00000000,0x00000000,0x00000000,0x00000000,0x00000000,
    0x00000000,0x00000000,0x00000000,0x00000000,0x00000000,0x00000000,0x00000000,
    0x00000000,0x00000000,0x00000000,0x00000000,0x00000000,0x00000000,0xC2FFFFFF,
    0xFFFFFFFF,0xFFFFFFFF,0xFFFFFFFF,0xFFFFFFFF,0xFFFFFFFF,0xFFFFFFFF,0xFFFFFFFF,
    0xFFFFFFFF,0xFFFFFFFF,0xFFFFFFFF,0xFFFFFFFF,0xFFFFFFFF,0xFFFFFFFF,0xFFFFFFFF,
    0xFFFFFFFF,0xFFFFFFFF,0xFFFFFFFF,0xFFFFFFFF,0xFFFFFFFF,0x48FFFFFF,0x00000000,
    0x00000000,0x00000000,0x00000000,0x00000000,0x00000000,0x00000000,0x00000000,
    0x00000000,0x00000000,0x18FFFFFF,0xFFFFFFFF,0xFFFFFFFF,0xFFFFFFFF,0xFFFFFFFF,
    0xFFFFFFFF,0xFFFFFFFF,0xFFFFFFFF,0xFFFFFFFF,0xFFFFFFFF,0xFFFFFFFF,0xFFFFFFFF,
    0xFFFFFFFF,0xFFFFFFFF,0xFFFFFFFF,0xFFFFFFFF,0xFFFFFFFF,0xFFFFFFFF,0xFFFFFFFF,
    0xFFFFFFFF,0x3CFFFFFF,0x00000000,0x00000000,0x00000000,0x00000000,0x00000000,
    0x00000000,0x00000000,0x00000000,0x00000000,0x00000000,0x00000000,0x00000000,
    0x00000000,0x00000000,0x00000000,0x00000000,0x00000000,0x00000000,0x00000000,
    0x00000000,0x00000000,0x00000000,0x00000000,0x00000000,0x2BFFFFFF,0xFFFFFFFF,
    0xFFFFFFFF,0xFFFFFFFF,0xFFFFFFFF,0xFFFFFFFF,0xFFFFFFFF,0xFFFFFFFF,0xFFFFFFFF,
    0xFFFFFFFF,0xFFFFFFFF,0xFFFFFFFF,0xFFFFFFFF,0xFFFFFFFF,0xFFFFFFFF,0xFFFFFFFF,
    0xFFFFFFFF,0xFFFFFFFF,0xFFFFFFFF,0xFFFFFFFF,0xE9FFFFFF,0x03FFFFFF,0x00000000,
    0x00000000,0x00000000,0x00000000,0x7AFFFFFF,0xFFFFFFFF,0xFFFFFFFF,0xFFFFFFFF,
    0xFFFFFFFF,0xFFFFFFFF,0xFFFFFFFF,0xFFFFFFFF,0xFFFFFFFF,0xFFFFFFFF,0xFFFFFFFF,
    0xFFFFFFFF,0xFFFFFFFF,0xFFFFFFFF,0xFFFFFFFF,0xFFFFFFFF,0xFFFFFFFF,0xFFFFFFFF,
    0x96FFFFFF,0x00000000,0x00000000,0x00000000,0x00000000,0x20FFFFFF,0xEEFFFFFF,
    0xFFFFFFFF,0xFFFFFFFF,0xFFFFFFFF,0xFFFFFFFF,0xFFFFFFFF,0xFFFFFFFF,0xFFFFFFFF,
    0xFFFFFFFF,0xFFFFFFFF,0xFFFFFFFF,0xFFFFFFFF,0xFFFFFFFF,0xFFFFFFFF,0xFFFFFFFF,
    0xFFFFFFFF,0xFFFFFFFF,0xFFFFFFFF,0xFEFFFFFF,0x5AFFFFFF,0x00000000,0x00000000,
    0x00000000,0x00000000,0x00000000,0x00000000,0x00000000,0x00000000,0x13FFFFFF,
    0xFEFFFFFF,0xFFFFFFFF,0xFFFFFFFF,0xFFFFFFFF,0xFFFFFFFF,0xFFFFFFFF,0xFFFFFFFF,
    0xFFFFFFFF,0xFFFFFFFF,0xFFFFFFFF,0xFFFFFFFF,0xFFFFFFFF,0xFFFFFFFF,0xFFFFFFFF,
    0xFFFFFFFF,0xFFFFFFFF,0xFFFFFFFF,0xFFFFFFFF,0xFFFFFFFF,0x41FFFFFF,0x00000000,
    0x00000000,0x00000000,0x00000000,0x00000000,0x00000000,0x00000000,0x00000000,
    0x00000000,0x00000000,0x00000000,0x00000000,0x00000000,0x00000000,0x00000000,
    0x00000000,0x00000000,0x00000000,0x00000000,0x00000000,0x00000000,0x00000000,
    0x00000000,0x00000000,0x18FFFFFF,0xFCFFFFFF,0xFFFFFFFF,0xFFFFFFFF,0xFFFFFFFF,
    0xFFFFFFFF,0xFFFFFFFF,0xFFFFFFFF,0xFFFFFFFF,0xFFFFFFFF,0xFFFFFFFF,0xFFFFFFFF,
    0xFFFFFFFF,0xFFFFFFFF,0xFFFFFFFF,0xFFFFFFFF,0xFFFFFFFF,0xFFFFFFFF,0xFFFFFFFF,
    0xFFFFFFFF,0xF1FFFFFF,0x07FFFFFF,0x00000000,0x00000000,0x00000000,0x00000000,
    0x00000000,0x00000000,0x00000000,0x00000000,0x00000000,0x00000000,0x54FFFFFF,
    0xFFFFFFFF,0xFFFFFFFF,0xFFFFFFFF,0xFFFFFFFF,0xFFFFFFFF,0xFFFFFFFF,0xFFFFFFFF,
    0xFFFFFFFF,0xFFFFFFFF,0xFFFFFFFF,0xFFFFFFFF,0xFFFFFFFF,0xFFFFFFFF,0xFFFFFFFF,
    0xFFFFFFFF,0xFFFFFFFF,0xFFFFFFFF,0xFFFFFFFF,0xF7FFFFFF,0x07FFFFFF,0x00000000,
    0x00000000,0x00000000,0x00000000,0x00000000,0x00000000,0x00000000,0x00000000,
    0x00000000,0x00000000,0x00000000,0x00000000,0x00000000,0x00000000,0x00000000,
    0x00000000,0x00000000,0x00000000,0x00000000,0x00000000,0x00000000,0x00000000,
    0x00000000,0x00000000,0x97FFFFFF,0xFFFFFFFF,0xFFFFFFFF,0xFFFFFFFF,0xFFFFFFFF,
    0xFFFFFFFF,0xFFFFFFFF,0xFFFFFFFF,0xFFFFFFFF,0xFFFFFFFF,0xFFFFFFFF,0xFFFFFFFF,
    0xFFFFFFFF,0xFFFFFFFF,0xFFFFFFFF,0xFFFFFFFF,0xFFFFFFFF,0xFFFFFFFF,0xFFFFFFFF,
    0xFFFFFFFF,0x90FFFFFF,0x00000000,0x00000000,0x00000000,0x00000000,0x00000000,
    0x21FFFFFF,0xFEFFFFFF,0xFFFFFFFF,0xFFFFFFFF,0xFFFFFFFF,0xFFFFFFFF,0xFFFFFFFF,
    0xFFFFFFFF,0xFFFFFFFF,0xFFFFFFFF,0xFFFFFFFF,0xFFFFFFFF,0xFFFFFFFF,0xFFFFFFFF,
    0xFFFFFFFF,0xFFFFFFFF,0xFFFFFFFF,0xFFFFFFFF,0xDFFFFFFF,0x00000000,0x00000000,
    0x00000000,0x06FFFFFF,0xC9FFFFFF,0xFFFFFFFF,0xFFFFFFFF,0xFFFFFFFF,0xFFFFFFFF,
    0xFFFFFFFF,0xFFFFFFFF,0xFFFFFFFF,0xFFFFFFFF,0xFFFFFFFF,0xFFFFFFFF,0xFFFFFFFF,
    0xFFFFFFFF,0xFFFFFFFF,0xFFFFFFFF,0xFFFFFFFF,0xFFFFFFFF,0xFFFFFFFF,0xFFFFFFFF,
    0x76FFFFFF,0x00000000,0x00000000,0x00000000,0x00000000,0x00000000,0x00000000,
    0x00000000,0x00000000,0x00000000,0x4EFFFFFF,0xFFFFFFFF,0xFFFFFFFF,0xFFFFFFFF,
    0xFFFFFFFF,0xFFFFFFFF,0xFFFFFFFF,0xFFFFFFFF,0xFFFFFFFF,0xFFFFFFFF,0xFFFFFFFF,
    0xFFFFFFFF,0xFFFFFFFF,0xFFFFFFFF,0xFFFFFFFF,0xFFFFFFFF,0xFFFFFFFF,0xFFFFFFFF,
    0xFFFFFFFF,0xFAFFFFFF,0x0AFFFFFF,0x00000000,0x00000000,0x00000000,0x00000000,
    0x00000000,0x00000000,0x00000000,0x00000000,0x00000000,0x00000000,0x00000000,
    0x00000000,0x00000000,0x00000000,0x00000000,0x00000000,0x00000000,0x00000000,
    0x00000000,0x00000000,0x00000000,0x00000000,0x00000000,0x00000000,0x81FFFFFF,
    0xFFFFFFFF,0xFFFFFFFF,0xFFFFFFFF,0xFFFFFFFF,0xFFFFFFFF,0xFFFFFFFF,0xFFFFFFFF,
    0xFFFFFFFF,0xFFFFFFFF,0xFFFFFFFF,0xFFFFFFFF,0xFFFFFFFF,0xFFFFFFFF,0xFFFFFFFF,
    0xFFFFFFFF,0xFFFFFFFF,0xFFFFFFFF,0xFFFFFFFF,0xFFFFFFFF,0x9EFFFFFF,0x00000000,
    0x00000000,0x00000000,0x00000000,0x00000000,0x00000000,0x00000000,0x00000000,
    0x00000000,0x00000000,0x00000000,0x90FFFFFF,0xFFFFFFFF,0xFFFFFFFF,0xFFFFFFFF,
    0xFFFFFFFF,0xFFFFFFFF,0xFFFFFFFF,0xFFFFFFFF,0xFFFFFFFF,0xFFFFFFFF,0xFFFFFFFF,
    0xFFFFFFFF,0xFFFFFFFF,0xFFFFFFFF,0xFFFFFFFF,0xFFFFFFFF,0xFFFFFFFF,0xFFFFFFFF,
    0xFFFFFFFF,0xC2FFFFFF,0x00000000,0x00000000,0x00000000,0x00000000,0x00000000,
    0x00000000,0x00000000,0x00000000,0x00000000,0x00000000,0x00000000,0x00000000,
    0x00000000,0x00000000,0x00000000,0x00000000,0x00000000,0x00000000,0x00000000,
    0x00000000,0x00000000,0x00000000,0x00000000,0x00000000,0x20FFFFFF,0xF6FFFFFF,
    0xFFFFFFFF,0xFFFFFFFF,0xFFFFFFFF,0xFFFFFFFF,0xFFFFFFFF,0xFFFFFFFF,0xFFFFFFFF,
    0xFFFFFFFF,0xFFFFFFFF,0xFFFFFFFF,0xFFFFFFFF,0xFFFFFFFF,0xFFFFFFFF,0xFFFFFFFF,
    0xFFFFFFFF,0xFFFFFFFF,0xFFFFFFFF,0xFFFFFFFF,0xFAFFFFFF,0x1EFFFFFF,0x00000000,
    0x00000000,0x00000000,0x00000000,0x00000000,0x00000000,0xC5FFFFFF,0xFFFFFFFF,
    0xFFFFFFFF,0xFFFFFFFF,0xFFFFFFFF,0xFFFFFFFF,0xFFFFFFFF,0xFFFFFFFF,0xFFFFFFFF,
    0xFFFFFFFF,0xFFFFFFFF,0xFFFFFFFF,0xFFFFFFFF,0xFFFFFFFF,0xFFFFFFFF,0xFFFFFFFF,
    0xFFFFFFFF,0xFFFFFFFF,0x26FFFFFF,0x00000000,0x00000000,0x8EFFFFFF,0xFFFFFFFF,
    0xFFFFFFFF,0xFFFFFFFF,0xFFFFFFFF,0xFFFFFFFF,0xFFFFFFFF,0xFFFFFFFF,0xFFFFFFFF,
    0xFFFFFFFF,0xFFFFFFFF,0xFFFFFFFF,0xFFFFFFFF,0xFFFFFFFF,0xFFFFFFFF,0xFFFFFFFF,
    0xFFFFFFFF,0xFFFFFFFF,0xFFFFFFFF,0x93FFFFFF,0x00000000,0x00000000,0x00000000,
    0x00000000,0x00000000,0x00000000,0x00000000,0x00000000,0x00000000,0x00000000,
    0x8BFFFFFF,0xFFFFFFFF,0xFFFFFFFF,0xFFFFFFFF,0xFFFFFFFF,0xFFFFFFFF,0xFFFFFFFF,
    0xFFFFFFFF,0xFFFFFFFF,0xFFFFFFFF,0xFFFFFFFF,0xFFFFFFFF,0xFFFFFFFF,0xFFFFFFFF,
    0xFFFFFFFF,0xFFFFFFFF,0xFFFFFFFF,0xFFFFFFFF,0xFFFFFFFF,0xC7FFFFFF,0x00000000,
    0x00000000,0x00000000,0x00000000,0x00000000,0x00000000,0x00000000,0x00000000,
    0x00000000,0x00000000,0x00000000,0x00000000,0x00000000,0x00000000,0x00000000,
    0x00000000,0x00000000,0x00000000,0x00000000,0x00000000,0x00000000,0x00000000,
    0x00000000,0x00000000,0x14FFFFFF,0xEDFFFFFF,0xFFFFFFFF,0xFFFFFFFF,0xFFFFFFFF,
    0xFFFFFFFF,0xFFFFFFFF,0xFFFFFFFF,0xFFFFFFFF,0xFFFFFFFF,0xFFFFFFFF,0xFFFFFFFF,
    0xFFFFFFFF,0xFFFFFFFF,0xFFFFFFFF,0xFFFFFFFF,0xFFFFFFFF,0xFFFFFFFF,0xFFFFFFFF,
    0xFFFFFFFF,0xFDFFFFFF,0x2AFFFFFF,0x00000000,0x00000000,0x00000000,0x00000000,
    0x00000000,0x00000000,0x00000000,0x00000000,0x00000000,0x00000000,0x00000000,
    0xCDFFFFFF,0xFFFFFFFF,0xFFFFFFFF,0xFFFFFFFF,0xFFFFFFFF,0xFFFFFFFF,0xFFFFFFFF,
    0xFFFFFFFF,0xFFFFFFFF,0xFFFFFFFF,0xFFFFFFFF,0xFFFFFFFF,0xFFFFFFFF,0xFFFFFFFF,
    0xFFFFFFFF,0xFFFFFFFF,0xFFFFFFFF,0xFFFFFFFF,0xFFFFFFFF,0x85FFFFFF,0x00000000,
    0x00000000,0x00000000,0x00000000,0x00000000,0x00000000,0x00000000,0x00000000,
    0x00000000,0x00000000,0x00000000,0x00000000,0x00000000,0x00000000,0x00000000,
    0x00000000,0x00000000,0x00000000,0x00000000,0x00000000,0x00000000,0x00000000,
    0x00000000,0x00000000,0xB3FFFFFF,0xFFFFFFFF,0xFFFFFFFF,0xFFFFFFFF,0xFFFFFFFF,
    0xFFFFFFFF,0xFFFFFFFF,0xFFFFFFFF,0xFFFFFFFF,0xFFFFFFFF,0xFFFFFFFF,0xFFFFFFFF,
    0xFFFFFFFF,0xFFFFFFFF,0xFFFFFFFF,0xFFFFFFFF,0xFFFFFFFF,0xFFFFFFFF,0xFFFFFFFF,
    0xFFFFFFFF,0x9DFFFFFF,0x00000000,0x00000000,0x00000000,0x00000000,0x00000000,
    0x00000000,0x00000000,0x6AFFFFFF,0xFFFFFFFF,0xFFFFFFFF,0xFFFFFFFF,0xFFFFFFFF,
    0xFFFFFFFF,0xFFFFFFFF,0xFFFFFFFF,0xFFFFFFFF,0xFFFFFFFF,0xFFFFFFFF,0xFFFFFFFF,
    0xFFFFFFFF,0xFFFFFFFF,0xFFFFFFFF,0xFFFFFFFF,0xFFFFFFFF,0xFFFFFFFF,0x5EFFFFFF,
    0x00000000,0x3EFFFFFF,0xFDFFFFFF,0xFFFFFFFF,0xFFFFFFFF,0xFFFFFFFF,0xFFFFFFFF,
    0xFFFFFFFF,0xFFFFFFFF,0xFFFFFFFF,0xFFFFFFFF,0xFFFFFFFF,0xFFFFFFFF,0xFFFFFFFF,
    0xFFFFFFFF,0xFFFFFFFF,0xFFFFFFFF,0xFFFFFFFF,0xFFFFFFFF,0xFFFFFFFF,0xAEFFFFFF,
    0x03FFFFFF,0x00000000,0x00000000,0x00000000,0x00000000,0x00000000,0x00000000,
    0x00000000,0x00000000,0x00000000,0x00000000,0xC7FFFFFF,0xFFFFFFFF,0xFFFFFFFF,
    0xFFFFFFFF,0xFFFFFFFF,0xFFFFFFFF,0xFFFFFFFF,0xFFFFFFFF,0xFFFFFFFF,0xFFFFFFFF,
    0xFFFFFFFF,0xFFFFFFFF,0xFFFFFFFF,0xFFFFFFFF,0xFFFFFFFF,0xFFFFFFFF,0xFFFFFFFF,
    0xFFFFFFFF,0xFFFFFFFF,0x8AFFFFFF,0x00000000,0x00000000,0x00000000,0x00000000,
    0x00000000,0x00000000,0x00000000,0x00000000,0x00000000,0x00000000,0x00000000,
    0x00000000,0x00000000,0x00000000,0x00000000,0x00000000,0x00000000,0x00000000,
    0x00000000,0x00000000,0x00000000,0x00000000,0x00000000,0x00000000,0x9EFFFFFF,
    0xFFFFFFFF,0xFFFFFFFF,0xFFFFFFFF,0xFFFFFFFF,0xFFFFFFFF,0xFFFFFFFF,0xFFFFFFFF,
    0xFFFFFFFF,0xFFFFFFFF,0xFFFFFFFF,0xFFFFFFFF,0xFFFFFFFF,0xFFFFFFFF,0xFFFFFFFF,
    0xFFFFFFFF,0xFFFFFFFF,0xFFFFFFFF,0xFFFFFFFF,0xFFFFFFFF,0xAFFFFFFF,0x00000000,
    0x00000000,0x00000000,0x00000000,0x00000000,0x00000000,0x00000000,0x00000000,
    0x00000000,0x00000000,0x00000000,0x0EFFFFFF,0xFCFFFFFF,0xFFFFFFFF,0xFFFFFFFF,
    0xFFFFFFFF,0xFFFFFFFF,0xFFFFFFFF,0xFFFFFFFF,0xFFFFFFFF,0xFFFFFFFF,0xFFFFFFFF,
    0xFFFFFFFF,0xFFFFFFFF,0xFFFFFFFF,0xFFFFFFFF,0xFFFFFFFF,0xFFFFFFFF,0xFFFFFFFF,
    0xFFFFFFFF,0xFFFFFFFF,0x48FFFFFF,0x00000000,0x00000000,0x00000000,0x00000000,
    0x00000000,0x00000000,0x00000000,0x00000000,0x00000000,0x00000000,0x00000000,
    0x00000000,0x00000000,0x00000000,0x00000000,0x00000000,0x00000000,0x00000000,
    0x00000000,0x00000000,0x00000000,0x00000000,0x00000000,0x71FFFFFF,0xFFFFFFFF,
    0xFFFFFFFF,0xFFFFFFFF,0xFFFFFFFF,0xFFFFFFFF,0xFFFFFFFF,0xFFFFFFFF,0xFFFFFFFF,
    0xFFFFFFFF,0xFFFFFFFF,0xFFFFFFFF,0xFFFFFFFF,0xFFFFFFFF,0xFFFFFFFF,0xFFFFFFFF,
    0xFFFFFFFF,0xFFFFFFFF,0xFFFFFFFF,0xFFFFFFFF,0xF0FFFFFF,0x1BFFFFFF,0x00000000,
    0x00000000,0x00000000,0x00000000,0x00000000,0x00000000,0x00000000,0x15FFFFFF,
    0xFAFFFFFF,0xFFFFFFFF,0xFFFFFFFF,0xFFFFFFFF,0xFFFFFFFF,0xFFFFFFFF,0xFFFFFFFF,
    0xFFFFFFFF,0xFFFFFFFF,0xFFFFFFFF,0xFFFFFFFF,0xFFFFFFFF,0xFFFFFFFF,0xFFFFFFFF,
    0xFFFFFFFF,0xFFFFFFFF,0xFFFFFFFF,0x95FFFFFF,0x0AFFFFFF,0xDBFFFFFF,0xFFFFFFFF,
    0xFFFFFFFF,0xFFFFFFFF,0xFFFFFFFF,0xFFFFFFFF,0xFFFFFFFF,0xFFFFFFFF,0xFFFFFFFF,
    0xFFFFFFFF,0xFFFFFFFF,0xFFFFFFFF,0xFFFFFFFF,0xFFFFFFFF,0xFFFFFFFF,0xFFFFFFFF,
    0xFFFFFFFF,0xFFFFFFFF,0xC9FFFFFF,0x0AFFFFFF,0x00000000,0x00000000,0x00000000,
    0x00000000,0x00000000,0x00000000,0x00000000,0x00000000,0x00000000,0x00000000,
    0x0AFFFFFF,0xF9FFFFFF,0xFFFFFFFF,0xFFFFFFFF,0xFFFFFFFF,0xFFFFFFFF,0xFFFFFFFF,
    0xFFFFFFFF,0xFFFFFFFF,0xFFFFFFFF,0xFFFFFFFF,0xFFFFFFFF,0xFFFFFFFF,0xFFFFFFFF,
    0xFFFFFFFF,0xFFFFFFFF,0xFFFFFFFF,0xFFFFFFFF,0xFFFFFFFF,0xFFFFFFFF,0x4DFFFFFF,
    0x00000000,0x00000000,0x00000000,0x00000000,0x00000000,0x00000000,0x00000000,
    0x00000000,0x00000000,0x00000000,0x00000000,0x00000000,0x00000000,0x00000000,
    0x00000000,0x00000000,0x00000000,0x00000000,0x00000000,0x00000000,0x00000000,
    0x00000000,0x00000000,0x59FFFFFF,0xFFFFFFFF,0xFFFFFFFF,0xFFFFFFFF,0xFFFFFFFF,
    0xFFFFFFFF,0xFFFFFFFF,0xFFFFFFFF,0xFFFFFFFF,0xFFFFFFFF,0xFFFFFFFF,0xFFFFFFFF,
    0xFFFFFFFF,0xFFFFFFFF,0xFFFFFFFF,0xFFFFFFFF,0xFFFFFFFF,0xFFFFFFFF,0xFFFFFFFF,
    0xFFFFFFFF,0xF8FFFFFF,0x27FFFFFF,0x00000000,0x00000000,0x00000000,0x00000000,
    0x00000000,0x00000000,0x00000000,0x00000000,0x00000000,0x00000000,0x00000000,
    0x47FFFFFF,0xFFFFFFFF,0xFFFFFFFF,0xFFFFFFFF,0xFFFFFFFF,0xFFFFFFFF,0xFFFFFFFF,
    0xFFFFFFFF,0xFFFFFFFF,0xFFFFFFFF,0xFFFFFFFF,0xFFFFFFFF,0xFFFFFFFF,0xFFFFFFFF,
    0xFFFFFFFF,0xFFFFFFFF,0xFFFFFFFF,0xFFFFFFFF,0xFFFFFFFF,0xFCFFFFFF,0x0FFFFFFF,
    0x00000000,0x00000000,0x00000000,0x00000000,0x00000000,0x00000000,0x00000000,
    0x00000000,0x00000000,0x00000000,0x00000000,0x00000000,0x00000000,0x00000000,
    0x00000000,0x00000000,0x00000000,0x00000000,0x00000000,0x00000000,0x00000000,
    0x00000000,0x52FFFFFF,0xFBFFFFFF,0xFFFFFFFF,0xFFFFFFFF,0xFFFFFFFF,0xFFFFFFFF,
    0xFFFFFFFF,0xFFFFFFFF,0xFFFFFFFF,0xFFFFFFFF,0xFFFFFFFF,0xFFFFFFFF,0xFFFFFFFF,
    0xFFFFFFFF,0xFFFFFFFF,0xFFFFFFFF,0xFFFFFFFF,0xFFFFFFFF,0xFFFFFFFF,0xFFFFFFFF,
    0xFFFFFFFF,0x64FFFFFF,0x00000000,0x00000000,0x00000000,0x00000000,0x00000000,
    0x00000000,0x00000000,0x00000000,0x00000000,0xB5FFFFFF,0xFFFFFFFF,0xFFFFFFFF,
    0xFFFFFFFF,0xFFFFFFFF,0xFFFFFFFF,0xFFFFFFFF,0xFFFFFFFF,0xFFFFFFFF,0xFFFFFFFF,
    0xFFFFFFFF,0xFFFFFFFF,0xFFFFFFFF,0xFFFFFFFF,0xFFFFFFFF,0xFFFFFFFF,0xFFFFFFFF,
    0xC4FFFFFF,0x8BFFFFFF,0xFFFFFFFF,0xFFFFFFFF,0xFFFFFFFF,0xFFFFFFFF,0xFFFFFFFF,
    0xFFFFFFFF,0xFFFFFFFF,0xFFFFFFFF,0xFFFFFFFF,0xFFFFFFFF,0xFFFFFFFF,0xFFFFFFFF,
    0xFFFFFFFF,0xFFFFFFFF,0xFFFFFFFF,0xFFFFFFFF,0xFFFFFFFF,0xD7FFFFFF,0x13FFFFFF,
    0x00000000,0x00000000,0x00000000,0x00000000,0x00000000,0x00000000,0x00000000,
    0x00000000,0x00000000,0x00000000,0x00000000,0x42FFFFFF,0xFFFFFFFF,0xFFFFFFFF,
    0xFFFFFFFF,0xFFFFFFFF,0xFFFFFFFF,0xFFFFFFFF,0xFFFFFFFF,0xFFFFFFFF,0xFFFFFFFF,
    0xFFFFFFFF,0xFFFFFFFF,0xFFFFFFFF,0xFFFFFFFF,0xFFFFFFFF,0xFFFFFFFF,0xFFFFFFFF,
    0xFFFFFFFF,0xFFFFFFFF,0xFEFFFFFF,0x13FFFFFF,0x00000000,0x00000000,0x00000000,
    0x00000000,0x00000000,0x00000000,0x00000000,0x00000000,0x00000000,0x00000000,
    0x00000000,0x00000000,0x00000000,0x00000000,0x00000000,0x00000000,0x00000000,
    0x00000000,0x00000000,0x00000000,0x00000000,0x00000000,0x43FFFFFF,0xF6FFFFFF,
    0xFFFFFFFF,0xFFFFFFFF,0xFFFFFFFF,0xFFFFFFFF,0xFFFFFFFF,0xFFFFFFFF,0xFFFFFFFF,
    0xFFFFFFFF,0xFFFFFFFF,0xFFFFFFFF,0xFFFFFFFF,0xFFFFFFFF,0xFFFFFFFF,0xFFFFFFFF,
    0xFFFFFFFF,0xFFFFFFFF,0xFFFFFFFF,0xFFFFFFFF,0xFFFFFFFF,0x79FFFFFF,0x00000000,
    0x00000000,0x00000000,0x00000000,0x00000000,0x00000000,0x00000000,0x00000000,
    0x00000000,0x00000000,0x00000000,0x00000000,0x84FFFFFF,0xFFFFFFFF,0xFFFFFFFF,
    0xFFFFFFFF,0xFFFFFFFF,0xFFFFFFFF,0xFFFFFFFF,0xFFFFFFFF,0xFFFFFFFF,0xFFFFFFFF,
    0xFFFFFFFF,0xFFFFFFFF,0xFFFFFFFF,0xFFFFFFFF,0xFFFFFFFF,0xFFFFFFFF,0xFFFFFFFF,
    0xFFFFFFFF,0xFFFFFFFF,0xCFFFFFFF,0x00000000,0x00000000,0x00000000,0x00000000,
    0x00000000,0x00000000,0x00000000,0x00000000,0x00000000,0x00000000,0x00000000,
    0x00000000,0x00000000,0x00000000,0x00000000,0x00000000,0x00000000,0x00000000,
    0x00000000,0x00000000,0x00000000,0x00000000,0x5CFFFFFF,0xF9FFFFFF,0xFFFFFFFF,
    0xFFFFFFFF,0xFFFFFFFF,0xFFFFFFFF,0xFFFFFFFF,0xFFFFFFFF,0xFFFFFFFF,0xFFFFFFFF,
    0xFFFFFFFF,0xFFFFFFFF,0xFFFFFFFF,0xFFFFFFFF,0xFFFFFFFF,0xFFFFFFFF,0xFFFFFFFF,
    0xFFFFFFFF,0xFFFFFFFF,0xFFFFFFFF,0xFFFFFFFF,0xB2FFFFFF,0x01FFFFFF,0x00000000,
    0x00000000,0x00000000,0x00000000,0x00000000,0x00000000,0x00000000,0x00000000,
    0x00000000,0x5BFFFFFF,0xFFFFFFFF,0xFFFFFFFF,0xFFFFFFFF,0xFFFFFFFF,0xFFFFFFFF,
    0xFFFFFFFF,0xFFFFFFFF,0xFFFFFFFF,0xFFFFFFFF,0xFFFFFFFF,0xFFFFFFFF,0xFFFFFFFF,
    0xFFFFFFFF,0xFFFFFFFF,0xFFFFFFFF,0xFFFFFFFF,0xEBFFFFFF,0xF6FFFFFF,0xFFFFFFFF,
    0xFFFFFFFF,0xFFFFFFFF,0xFFFFFFFF,0xFFFFFFFF,0xFFFFFFFF,0xFFFFFFFF,0xFFFFFFFF,
    0xFFFFFFFF,0xFFFFFFFF,0xFFFFFFFF,0xFFFFFFFF,0xFFFFFFFF,0xFFFFFFFF,0xFFFFFFFF,
    0xFFFFFFFF,0xE7FFFFFF,0x21FFFFFF,0x00000000,0x00000000,0x00000000,0x00000000,
    0x00000000,0x00000000,0x00000000,0x00000000,0x00000000,0x00000000,0x00000000,
    0x00000000,0x7EFFFFFF,0xFFFFFFFF,0xFFFFFFFF,0xFFFFFFFF,0xFFFFFFFF,0xFFFFFFFF,
    0xFFFFFFFF,0xFFFFFFFF,0xFFFFFFFF,0xFFFFFFFF,0xFFFFFFFF,0xFFFFFFFF,0xFFFFFFFF,
    0xFFFFFFFF,0xFFFFFFFF,0xFFFFFFFF,0xFFFFFFFF,0xFFFFFFFF,0xFFFFFFFF,0xD4FFFFFF,
    0x00000000,0x00000000,0x00000000,0x00000000,0x00000000,0x00000000,0x00000000,
    0x00000000,0x00000000,0x00000000,0x00000000,0x00000000,0x00000000,0x00000000,
    0x00000000,0x00000000,0x00000000,0x00000000,0x00000000,0x00000000,0x00000000,
    0x00000000,0x4EFFFFFF,0xF5FFFFFF,0xFFFFFFFF,0xFFFFFFFF,0xFFFFFFFF,0xFFFFFFFF,
    0xFFFFFFFF,0xFFFFFFFF,0xFFFFFFFF,0xFFFFFFFF,0xFFFFFFFF,0xFFFFFFFF,0xFFFFFFFF,
    0xFFFFFFFF,0xFFFFFFFF,0xFFFFFFFF,0xFFFFFFFF,0xFFFFFFFF,0xFFFFFFFF,0xFFFFFFFF,
    0xFFFFFFFF,0xC5FFFFFF,0x05FFFFFF,0x00000000,0x00000000,0x00000000,0x00000000,
    0x00000000,0x00000000,0x00000000,0x00000000,0x00000000,0x00000000,0x00000000,
    0x00000000,0xC1FFFFFF,0xFFFFFFFF,0xFFFFFFFF,0xFFFFFFFF,0xFFFFFFFF,0xFFFFFFFF,
    0xFFFFFFFF,0xFFFFFFFF,0xFFFFFFFF,0xFFFFFFFF,0xFFFFFFFF,0xFFFFFFFF,0xFFFFFFFF,
    0xFFFFFFFF,0xFFFFFFFF,0xFFFFFFFF,0xFFFFFFFF,0xFFFFFFFF,0xFFFFFFFF,0x92FFFFFF,
    0x00000000,0x00000000,0x00000000,0x00000000,0x00000000,0x00000000,0x00000000,
    0x00000000,0x00000000,0x00000000,0x00000000,0x00000000,0x00000000,0x00000000,
    0x00000000,0x00000000,0x00000000,0x00000000,0x00000000,0x00000000,0x07FFFFFF,
    0x8CFFFFFF,0xFEFFFFFF,0xFFFFFFFF,0xFFFFFFFF,0xFFFFFFFF,0xFFFFFFFF,0xFFFFFFFF,
    0xFFFFFFFF,0xFFFFFFFF,0xFFFFFFFF,0xFFFFFFFF,0xFFFFFFFF,0xFFFFFFFF,0xFFFFFFFF,
    0xFFFFFFFF,0xFFFFFFFF,0xFFFFFFFF,0xFFFFFFFF,0xFFFFFFFF,0xFFFFFFFF,0xFFFFFFFF,
    0xD9FFFFFF,0x0FFFFFFF,0x00000000,0x00000000,0x00000000,0x00000000,0x00000000,
    0x00000000,0x00000000,0x00000000,0x00000000,0x00000000,0x0BFFFFFF,0xF4FFFFFF,
    0xFFFFFFFF,0xFFFFFFFF,0xFFFFFFFF,0xFFFFFFFF,0xFFFFFFFF,0xFFFFFFFF,0xFFFFFFFF,
    0xFFFFFFFF,0xFFFFFFFF,0xFFFFFFFF,0xFFFFFFFF,0xFFFFFFFF,0xFFFFFFFF,0xFFFFFFFF,
    0xFFFFFFFF,0xFFFFFFFF,0xFFFFFFFF,0xFFFFFFFF,0xFFFFFFFF,0xFFFFFFFF,0xFFFFFFFF,
    0xFFFFFFFF,0xFFFFFFFF,0xFFFFFFFF,0xFFFFFFFF,0xFFFFFFFF,0xFFFFFFFF,0xFFFFFFFF,
    0xFFFFFFFF,0xFFFFFFFF,0xFFFFFFFF,0xFFFFFFFF,0xF2FFFFFF,0x32FFFFFF,0x00000000,
    0x00000000,0x00000000,0x00000000,0x00000000,0x00000000,0x00000000,0x00000000,
    0x00000000,0x00000000,0x00000000,0x00000000,0x00000000,0xBBFFFFFF,0xFFFFFFFF,
    0xFFFFFFFF,0xFFFFFFFF,0xFFFFFFFF,0xFFFFFFFF,0xFFFFFFFF,0xFFFFFFFF,0xFFFFFFFF,
    0xFFFFFFFF,0xFFFFFFFF,0xFFFFFFFF,0xFFFFFFFF,0xFFFFFFFF,0xFFFFFFFF,0xFFFFFFFF,
    0xFFFFFFFF,0xFFFFFFFF,0xFFFFFFFF,0x97FFFFFF,0x00000000,0x00000000,0x00000000,
    0x00000000,0x00000000,0x00000000,0x00000000,0x00000000,0x00000000,0x00000000,
    0x00000000,0x00000000,0x00000000,0x00000000,0x00000000,0x00000000,0x00000000,
    0x00000000,0x00000000,0x00000000,0x04FFFFFF,0x7FFFFFFF,0xFDFFFFFF,0xFFFFFFFF,
    0xFFFFFFFF,0xFFFFFFFF,0xFFFFFFFF,0xFFFFFFFF,0xFFFFFFFF,0xFFFFFFFF,0xFFFFFFFF,
    0xFFFFFFFF,0xFFFFFFFF,0xFFFFFFFF,0xFFFFFFFF,0xFFFFFFFF,0xFFFFFFFF,0xFFFFFFFF,
    0xFFFFFFFF,0xFFFFFFFF,0xFFFFFFFF,0xFFFFFFFF,0xE6FFFFFF,0x19FFFFFF,0x00000000,
    0x00000000,0x00000000,0x00000000,0x00000000,0x00000000,0x00000000,0x00000000,
    0x00000000,0x00000000,0x00000000,0x00000000,0x07FFFFFF,0xF7FFFFFF,0xFFFFFFFF,
    0xFFFFFFFF,0xFFFFFFFF,0xFFFFFFFF,0xFFFFFFFF,0xFFFFFFFF,0xFFFFFFFF,0xFFFFFFFF,
    0xFFFFFFFF,0xFFFFFFFF,0xFFFFFFFF,0xFFFFFFFF,0xFFFFFFFF,0xFFFFFFFF,0xFFFFFFFF,
    0xFFFFFFFF,0xFFFFFFFF,0xFFFFFFFF,0x55FFFFFF,0x00000000,0x00000000,0x00000000,
    0x00000000,0x00000000,0x00000000,0x00000000,0x00000000,0x00000000,0x00000000,
    0x00000000,0x00000000,0x00000000,0x00000000,0x00000000,0x00000000,0x00000000,
    0x00000000,0x00000000,0x3EFFFFFF,0xD3FFFFFF,0xFFFFFFFF,0xFFFFFFFF,0xFFFFFFFF,
    0xFFFFFFFF,0xFFFFFFFF,0xFFFFFFFF,0xFFFFFFFF,0xFFFFFFFF,0xFFFFFFFF,0xFFFFFFFF,
    0xFFFFFFFF,0xFFFFFFFF,0xFFFFFFFF,0xFFFFFFFF,0xFFFFFFFF,0xFFFFFFFF,0xFFFFFFFF,
    0xFFFFFFFF,0xFFFFFFFF,0xFFFFFFFF,0xECFFFFFF,0x29FFFFFF,0x00000000,0x00000000,
    0x00000000,0x00000000,0x00000000,0x00000000,0x00000000,0x00000000,0x00000000,
    0x00000000,0x00000000,0x00000000,0xA5FFFFFF,0xFFFFFFFF,0xFFFFFFFF,0xFFFFFFFF,
    0xFFFFFFFF,0xFFFFFFFF,0xFFFFFFFF,0xFFFFFFFF,0xFFFFFFFF,0xFFFFFFFF,0xFFFFFFFF,
    0xFFFFFFFF,0xFFFFFFFF,0xFFFFFFFF,0xFFFFFFFF,0xFFFFFFFF,0xFFFFFFFF,0xFFFFFFFF,
    0xFFFFFFFF,0xFFFFFFFF,0xFFFFFFFF,0xFFFFFFFF,0xFFFFFFFF,0xFFFFFFFF,0xFFFFFFFF,
    0xFFFFFFFF,0xFFFFFFFF,0xFFFFFFFF,0xFFFFFFFF,0xFFFFFFFF,0xFFFFFFFF,0xFFFFFFFF,
    0xFAFFFFFF,0x47FFFFFF,0x00000000,0x00000000,0x00000000,0x00000000,0x00000000,
    0x00000000,0x00000000,0x00000000,0x00000000,0x00000000,0x00000000,0x00000000,
    0x00000000,0x04FFFFFF,0xF3FFFFFF,0xFFFFFFFF,0xFFFFFFFF,0xFFFFFFFF,0xFFFFFFFF,
    0xFFFFFFFF,0xFFFFFFFF,0xFFFFFFFF,0xFFFFFFFF,0xFFFFFFFF,0xFFFFFFFF,0xFFFFFFFF,
    0xFFFFFFFF,0xFFFFFFFF,0xFFFFFFFF,0xFFFFFFFF,0xFFFFFFFF,0xFFFFFFFF,0xFFFFFFFF,
    0x5BFFFFFF,0x00000000,0x00000000,0x00000000,0x00000000,0x00000000,0x00000000,
    0x00000000,0x00000000,0x00000000,0x00000000,0x00000000,0x00000000,0x00000000,
    0x00000000,0x00000000,0x00000000,0x00000000,0x00000000,0x00000000,0x36FFFFFF,
    0xCAFFFFFF,0xFFFFFFFF,0xFFFFFFFF,0xFFFFFFFF,0xFFFFFFFF,0xFFFFFFFF,0xFFFFFFFF,
    0xFFFFFFFF,0xFFFFFFFF,0xFFFFFFFF,0xFFFFFFFF,0xFFFFFFFF,0xFFFFFFFF,0xFFFFFFFF,
    0xFFFFFFFF,0xFFFFFFFF,0xFFFFFFFF,0xFFFFFFFF,0xFFFFFFFF,0xFFFFFFFF,0xFFFFFFFF,
    0xF5FFFFFF,0x39FFFFFF,0x00000000,0x00000000,0x00000000,0x00000000,0x00000000,
    0x00000000,0x00000000,0x00000000,0x00000000,0x00000000,0x00000000,0x00000000,
    0x00000000,0x3BFFFFFF,0xFFFFFFFF,0xFFFFFFFF,0xFFFFFFFF,0xFFFFFFFF,0xFFFFFFFF,
    0xFFFFFFFF,0xFFFFFFFF,0xFFFFFFFF,0xFFFFFFFF,0xFFFFFFFF,0xFFFFFFFF,0xFFFFFFFF,
    0xFFFFFFFF,0xFFFFFFFF,0xFFFFFFFF,0xFFFFFFFF,0xFFFFFFFF,0xFFFFFFFF,0xFFFFFFFF,
    0x19FFFFFF,0x00000000,0x00000000,0x00000000,0x00000000,0x00000000,0x00000000,
    0x00000000,0x00000000,0x00000000,0x00000000,0x00000000,0x00000000,0x00000000,
    0x00000000,0x00000000,0x00000000,0x01FFFFFF,0x43FFFFFF,0xB1FFFFFF,0xFFFFFFFF,
    0xFFFFFFFF,0xFFFFFFFF,0xFFFFFFFF,0xFFFFFFFF,0xFFFFFFFF,0xFFFFFFFF,0xFFFFFFFF,
    0xFFFFFFFF,0xFFFFFFFF,0xFFFFFFFF,0xFFFFFFFF,0xFFFFFFFF,0xFFFFFFFF,0xFFFFFFFF,
    0xFFFFFFFF,0xFFFFFFFF,0xFFFFFFFF,0xFFFFFFFF,0xFFFFFFFF,0xFFFFFFFF,0xEEFFFFFF,
    0x32FFFFFF,0x00000000,0x00000000,0x00000000,0x00000000,0x00000000,0x00000000,
    0x00000000,0x00000000,0x00000000,0x00000000,0x00000000,0x00000000,0x00000000,
    0x4BFFFFFF,0xFFFFFFFF,0xFFFFFFFF,0xFFFFFFFF,0xFFFFFFFF,0xFFFFFFFF,0xFFFFFFFF,
    0xFFFFFFFF,0xFFFFFFFF,0xFFFFFFFF,0xFFFFFFFF,0xFFFFFFFF,0xFFFFFFFF,0xFFFFFFFF,
    0xFFFFFFFF,0xFFFFFFFF,0xFFFFFFFF,0xFFFFFFFF,0xFFFFFFFF,0xFFFFFFFF,0xFFFFFFFF,
    0xFFFFFFFF,0xFFFFFFFF,0xFFFFFFFF,0xFFFFFFFF,0xFFFFFFFF,0xFFFFFFFF,0xFFFFFFFF,
    0xFFFFFFFF,0xFFFFFFFF,0xFFFFFFFF,0xFEFFFFFF,0x60FFFFFF,0x00000000,0x00000000,
    0x00000000,0x00000000,0x00000000,0x00000000,0x00000000,0x00000000,0x00000000,
    0x00000000,0x00000000,0x00000000,0x00000000,0x00000000,0x35FFFFFF,0xFFFFFFFF,
    0xFFFFFFFF,0xFFFFFFFF,0xFFFFFFFF,0xFFFFFFFF,0xFFFFFFFF,0xFFFFFFFF,0xFFFFFFFF,
    0xFFFFFFFF,0xFFFFFFFF,0xFFFFFFFF,0xFFFFFFFF,0xFFFFFFFF,0xFFFFFFFF,0xFFFFFFFF,
    0xFFFFFFFF,0xFFFFFFFF,0xFFFFFFFF,0xFFFFFFFF,0x1EFFFFFF,0x00000000,0x00000000,
    0x00000000,0x00000000,0x00000000,0x00000000,0x00000000,0x00000000,0x00000000,
    0x00000000,0x00000000,0x00000000,0x00000000,0x00000000,0x00000000,0x00000000,
    0x00000000,0x3DFFFFFF,0xAAFFFFFF,0xFEFFFFFF,0xFFFFFFFF,0xFFFFFFFF,0xFFFFFFFF,
    0xFFFFFFFF,0xFFFFFFFF,0xFFFFFFFF,0xFFFFFFFF,0xFFFFFFFF,0xFFFFFFFF,0xFFFFFFFF,
    0xFFFFFFFF,0xFFFFFFFF,0xFFFFFFFF,0xFFFFFFFF,0xFFFFFFFF,0xFFFFFFFF,0xFFFFFFFF,
    0xFFFFFFFF,0xFFFFFFFF,0xFFFFFFFF,0xF6FFFFFF,0x43FFFFFF,0x00000000,0x00000000,
    0x00000000,0x00000000,0x00000000,0x00000000,0x00000000,0x00000000,0x00000000,
    0x00000000,0x00000000,0x00000000,0x00000000,0x00000000,0x77FFFFFF,0xFFFFFFFF,
    0xFFFFFFFF,0xFFFFFFFF,0xFFFFFFFF,0xFFFFFFFF,0xFFFFFFFF,0xFFFFFFFF,0xFFFFFFFF,
    0xFFFFFFFF,0xFFFFFFFF,0xFFFFFFFF,0xFFFFFFFF,0xFFFFFFFF,0xFFFFFFFF,0xFFFFFFFF,
    0xFFFFFFFF,0xFFFFFFFF,0xFFFFFFFF,0xDBFFFFFF,0x00000000,0x00000000,0x00000000,
    0x00000000,0x00000000,0x00000000,0x00000000,0x00000000,0x00000000,0x00000000,
    0x00000000,0x00000000,0x00000000,0x00000000,0x00000000,0x17FFFFFF,0x6EFFFFFF,
    0xD7FFFFFF,0xFFFFFFFF,0xFFFFFFFF,0xFFFFFFFF,0xFFFFFFFF,0xFFFFFFFF,0xFFFFFFFF,
    0xFFFFFFFF,0xFFFFFFFF,0xFFFFFFFF,0xFFFFFFFF,0xFFFFFFFF,0xFFFFFFFF,0xFFFFFFFF,
    0xFFFFFFFF,0xFFFFFFFF,0xFFFFFFFF,0xFFFFFFFF,0xFFFFFFFF,0xFFFFFFFF,0xFFFFFFFF,
    0xFFFFFFFF,0xFFFFFFFF,0xEDFFFFFF,0x35FFFFFF,0x00000000,0x00000000,0x00000000,
    0x00000000,0x00000000,0x00000000,0x00000000,0x00000000,0x00000000,0x00000000,
    0x00000000,0x00000000,0x00000000,0x00000000,0x05FFFFFF,0xEAFFFFFF,0xFFFFFFFF,
    0xFFFFFFFF,0xFFFFFFFF,0xFFFFFFFF,0xFFFFFFFF,0xFFFFFFFF,0xFFFFFFFF,0xFFFFFFFF,
    0xFFFFFFFF,0xFFFFFFFF,0xFFFFFFFF,0xFFFFFFFF,0xFFFFFFFF,0xFFFFFFFF,0xFFFFFFFF,
    0xFFFFFFFF,0xFFFFFFFF,0xFFFFFFFF,0xFFFFFFFF,0xFFFFFFFF,0xFFFFFFFF,0xFFFFFFFF,
    0xFFFFFFFF,0xFFFFFFFF,0xFFFFFFFF,0xFFFFFFFF,0xFFFFFFFF,0xFFFFFFFF,0xFFFFFFFF,
    0x7CFFFFFF,0x00000000,0x00000000,0x00000000,0x00000000,0x00000000,0x00000000,
    0x00000000,0x00000000,0x00000000,0x00000000,0x00000000,0x00000000,0x00000000,
    0x00000000,0x00000000,0x72FFFFFF,0xFFFFFFFF,0xFFFFFFFF,0xFFFFFFFF,0xFFFFFFFF,
    0xFFFFFFFF,0xFFFFFFFF,0xFFFFFFFF,0xFFFFFFFF,0xFFFFFFFF,0xFFFFFFFF,0xFFFFFFFF,
    0xFFFFFFFF,0xFFFFFFFF,0xFFFFFFFF,0xFFFFFFFF,0xFFFFFFFF,0xFFFFFFFF,0xFFFFFFFF,
    0xE0FFFFFF,0x00000000,0x00000000,0x00000000,0x00000000,0x00000000,0x00000000,
    0x00000000,0x00000000,0x00000000,0x00000000,0x00000000,0x00000000,0x00000000,
    0x00000000,0x00000000,0x15FFFFFF,0x69FFFFFF,0xD2FFFFFF,0xFFFFFFFF,0xFFFFFFFF,
    0xFFFFFFFF,0xFFFFFFFF,0xFFFFFFFF,0xFFFFFFFF,0xFFFFFFFF,0xFFFFFFFF,0xFFFFFFFF,
    0xFFFFFFFF,0xFFFFFFFF,0xFFFFFFFF,0xFFFFFFFF,0xFFFFFFFF,0xFFFFFFFF,0xFFFFFFFF,
    0xFFFFFFFF,0xFFFFFFFF,0xFFFFFFFF,0xFFFFFFFF,0xFFFFFFFF,0xFFFFFFFF,0xF5FFFFFF,
    0x46FFFFFF,0x00000000,0x00000000,0x00000000,0x00000000,0x00000000,0x00000000,
    0x00000000,0x00000000,0x00000000,0x00000000,0x00000000,0x00000000,0x00000000,
    0x00000000,0x00000000,0xB4FFFFFF,0xFFFFFFFF,0xFFFFFFFF,0xFFFFFFFF,0xFFFFFFFF,
    0xFFFFFFFF,0xFFFFFFFF,0xFFFFFFFF,0xFFFFFFFF,0xFFFFFFFF,0xFFFFFFFF,0xFFFFFFFF,
    0xFFFFFFFF,0xFFFFFFFF,0xFFFFFFFF,0xFFFFFFFF,0xFFFFFFFF,0xFFFFFFFF,0xFFFFFFFF,
    0x9FFFFFFF,0x00000000,0x00000000,0x00000000,0x00000000,0x00000000,0x00000000,
    0x00000000,0x00000000,0x00000000,0x00000000,0x00000000,0x15FFFFFF,0x48FFFFFF,
    0x8CFFFFFF,0xD0FFFFFF,0xFEFFFFFF,0xFFFFFFFF,0xFFFFFFFF,0xFFFFFFFF,0xFFFFFFFF,
    0xFFFFFFFF,0xFFFFFFFF,0xFFFFFFFF,0xFFFFFFFF,0xFFFFFFFF,0xFFFFFFFF,0xFFFFFFFF,
    0xFFFFFFFF,0xFFFFFFFF,0xFFFFFFFF,0xFFFFFFFF,0xFFFFFFFF,0xFFFFFFFF,0xFFFFFFFF,
    0xFFFFFFFF,0xFFFFFFFF,0xFFFFFFFF,0xFFFFFFFF,0xFFFFFFFF,0xDBFFFFFF,0x26FFFFFF,
    0x00000000,0x00000000,0x00000000,0x00000000,0x00000000,0x00000000,0x00000000,
    0x00000000,0x00000000,0x00000000,0x00000000,0x00000000,0x00000000,0x00000000,
    0x00000000,0x00000000,0x95FFFFFF,0xFFFFFFFF,0xFFFFFFFF,0xFFFFFFFF,0xFFFFFFFF,
    0xFFFFFFFF,0xFFFFFFFF,0xFFFFFFFF,0xFFFFFFFF,0xFFFFFFFF,0xFFFFFFFF,0xFFFFFFFF,
    0xFFFFFFFF,0xFFFFFFFF,0xFFFFFFFF,0xFFFFFFFF,0xFFFFFFFF,0xFFFFFFFF,0xFFFFFFFF,
    0xFFFFFFFF,0xFFFFFFFF,0xFFFFFFFF,0xFFFFFFFF,0xFFFFFFFF,0xFFFFFFFF,0xFFFFFFFF,
    0xFFFFFFFF,0xFFFFFFFF,0xFFFFFFFF,0x99FFFFFF,0x00000000,0x00000000,0x00000000,
    0x00000000,0x00000000,0x00000000,0x00000000,0x00000000,0x00000000,0x00000000,
    0x00000000,0x00000000,0x00000000,0x00000000,0x00000000,0x00000000,0xAEFFFFFF,
    0xFFFFFFFF,0xFFFFFFFF,0xFFFFFFFF,0xFFFFFFFF,0xFFFFFFFF,0xFFFFFFFF,0xFFFFFFFF,
    0xFFFFFFFF,0xFFFFFFFF,0xFFFFFFFF,0xFFFFFFFF,0xFFFFFFFF,0xFFFFFFFF,0xFFFFFFFF,
    0xFFFFFFFF,0xFFFFFFFF,0xFFFFFFFF,0xFFFFFFFF,0xA4FFFFFF,0x00000000,0x00000000,
    0x00000000,0x00000000,0x00000000,0x00000000,0x00000000,0x00000000,0x00000000,
    0x00000000,0x00000000,0x14FFFFFF,0x46FFFFFF,0x8AFFFFFF,0xCEFFFFFF,0xFDFFFFFF,
    0xFFFFFFFF,0xFFFFFFFF,0xFFFFFFFF,0xFFFFFFFF,0xFFFFFFFF,0xFFFFFFFF,0xFFFFFFFF,
    0xFFFFFFFF,0xFFFFFFFF,0xFFFFFFFF,0xFFFFFFFF,0xFFFFFFFF,0xFFFFFFFF,0xFFFFFFFF,
    0xFFFFFFFF,0xFFFFFFFF,0xFFFFFFFF,0xFFFFFFFF,0xFFFFFFFF,0xFFFFFFFF,0xFFFFFFFF,
    0xFFFFFFFF,0xFFFFFFFF,0xE7FFFFFF,0x35FFFFFF,0x00000000,0x00000000,0x00000000,
    0x00000000,0x00000000,0x00000000,0x00000000,0x00000000,0x00000000,0x00000000,
    0x00000000,0x00000000,0x00000000,0x00000000,0x00000000,0x02FFFFFF,0xEEFFFFFF,
    0xFFFFFFFF,0xFFFFFFFF,0xFFFFFFFF,0xFFFFFFFF,0xFFFFFFFF,0xFFFFFFFF,0xFFFFFFFF,
    0xFFFFFFFF,0xFFFFFFFF,0xFFFFFFFF,0xFFFFFFFF,0xFFFFFFFF,0xFFFFFFFF,0xFFFFFFFF,
    0xFFFFFFFF,0xFFFFFFFF,0xFFFFFFFF,0xFFFFFFFF,0x9DFFFFFF,0x55FFFFFF,0x55FFFFFF,
    0x55FFFFFF,0x58FFFFFF,0x66FFFFFF,0x73FFFFFF,0x7DFFFFFF,0x88FFFFFF,0xA4FFFFFF,
    0xCAFFFFFF,0xEFFFFFFF,0xFFFFFFFF,0xFFFFFFFF,0xFFFFFFFF,0xFFFFFFFF,0xFFFFFFFF,
    0xFFFFFFFF,0xFFFFFFFF,0xFFFFFFFF,0xFFFFFFFF,0xFFFFFFFF,0xFFFFFFFF,0xFFFFFFFF,
    0xFFFFFFFF,0xFFFFFFFF,0xFFFFFFFF,0xFFFFFFFF,0xFFFFFFFF,0xFFFFFFFF,0xFFFFFFFF,
    0xFFFFFFFF,0xFFFFFFFF,0xFFFFFFFF,0xFFFFFFFF,0xFFFFFFFF,0xFFFFFFFF,0xFFFFFFFF,
    0xFFFFFFFF,0xC0FFFFFF,0x14FFFFFF,0x00000000,0x00000000,0x00000000,0x00000000,
    0x00000000,0x00000000,0x00000000,0x00000000,0x00000000,0x00000000,0x00000000,
    0x00000000,0x00000000,0x00000000,0x00000000,0x00000000,0x00000000,0x3BFFFFFF,
    0xFFFFFFFF,0xFFFFFFFF,0xFFFFFFFF,0xFFFFFFFF,0xFFFFFFFF,0xFFFFFFFF,0xFFFFFFFF,
    0xFFFFFFFF,0xFFFFFFFF,0xFFFFFFFF,0xFFFFFFFF,0xFFFFFFFF,0xFFFFFFFF,0xFFFFFFFF,
    0xFFFFFFFF,0xFFFFFFFF,0xFFFFFFFF,0xFFFFFFFF,0xFFFFFFFF,0xFFFFFFFF,0xFFFFFFFF,
    0xFFFFFFFF,0xFFFFFFFF,0xFFFFFFFF,0xFFFFFFFF,0xFFFFFFFF,0xFFFFFFFF,0xB3FFFFFF,
    0x04FFFFFF,0x00000000,0x00000000,0x00000000,0x00000000,0x00000000,0x00000000,
    0x00000000,0x00000000,0x00000000,0x00000000,0x00000000,0x00000000,0x00000000,
    0x00000000,0x00000000,0x01FFFFFF,0xEAFFFFFF,0xFFFFFFFF,0xFFFFFFFF,0xFFFFFFFF,
    0xFFFFFFFF,0xFFFFFFFF,0xFFFFFFFF,0xFFFFFFFF,0xFFFFFFFF,0xFFFFFFFF,0xFFFFFFFF,
    0xFFFFFFFF,0xFFFFFFFF,0xFFFFFFFF,0xFFFFFFFF,0xFFFFFFFF,0xFFFFFFFF,0xFFFFFFFF,
    0xFFFFFFFF,0xA1FFFFFF,0x55FFFFFF,0x55FFFFFF,0x55FFFFFF,0x57FFFFFF,0x66FFFFFF,
    0x72FFFFFF,0x7DFFFFFF,0x88FFFFFF,0xA3FFFFFF,0xC9FFFFFF,0xEEFFFFFF,0xFFFFFFFF,
    0xFFFFFFFF,0xFFFFFFFF,0xFFFFFFFF,0xFFFFFFFF,0xFFFFFFFF,0xFFFFFFFF,0xFFFFFFFF,
    0xFFFFFFFF,0xFFFFFFFF,0xFFFFFFFF,0xFFFFFFFF,0xFFFFFFFF,0xFFFFFFFF,0xFFFFFFFF,
    0xFFFFFFFF,0xFFFFFFFF,0xFFFFFFFF,0xFFFFFFFF,0xFFFFFFFF,0xFFFFFFFF,0xFFFFFFFF,
    0xFFFFFFFF,0xFFFFFFFF,0xFFFFFFFF,0xFFFFFFFF,0xFFFFFFFF,0xD0FFFFFF,0x1FFFFFFF,
    0x00000000,0x00000000,0x00000000,0x00000000,0x00000000,0x00000000,0x00000000,
    0x00000000,0x00000000,0x00000000,0x00000000,0x00000000,0x00000000,0x00000000,
    0x00000000,0x00000000,0x2EFFFFFF,0xFFFFFFFF,0xFFFFFFFF,0xFFFFFFFF,0xFFFFFFFF,
    0xFFFFFFFF,0xFFFFFFFF,0xFFFFFFFF,0xFFFFFFFF,0xFFFFFFFF,0xFFFFFFFF,0xFFFFFFFF,
    0xFFFFFFFF,0xFFFFFFFF,0xFFFFFFFF,0xFFFFFFFF,0xFFFFFFFF,0xFFFFFFFF,0xFFFFFFFF,
    0xFFFFFFFF,0xFFFFFFFF,0xFFFFFFFF,0xFFFFFFFF,0xFFFFFFFF,0xFFFFFFFF,0xFFFFFFFF,
    0xFFFFFFFF,0xFFFFFFFF,0xFFFFFFFF,0xFFFFFFFF,0xFFFFFFFF,0xFFFFFFFF,0xFFFFFFFF,
    0xFFFFFFFF,0xFFFFFFFF,0xFFFFFFFF,0xFFFFFFFF,0xFFFFFFFF,0xFFFFFFFF,0xFFFFFFFF,
    0xFFFFFFFF,0xFFFFFFFF,0xFFFFFFFF,0xFFFFFFFF,0xFFFFFFFF,0xFFFFFFFF,0xFFFFFFFF,
    0xFFFFFFFF,0xFFFFFFFF,0xFFFFFFFF,0xFFFFFFFF,0xFFFFFFFF,0xFFFFFFFF,0xFFFFFFFF,
    0xFFFFFFFF,0xFFFFFFFF,0xFFFFFFFF,0xFCFFFFFF,0x88FFFFFF,0x05FFFFFF,0x00000000,
    0x00000000,0x00000000,0x00000000,0x00000000,0x00000000,0x00000000,0x00000000,
    0x00000000,0x00000000,0x00000000,0x00000000,0x00000000,0x00000000,0x00000000,
    0x00000000,0x00000000,0x00000000,0x01FFFFFF,0xDEFFFFFF,0xFFFFFFFF,0xFFFFFFFF,
    0xFFFFFFFF,0xFFFFFFFF,0xFFFFFFFF,0xFFFFFFFF,0xFFFFFFFF,0xFFFFFFFF,0xFFFFFFFF,
    0xFFFFFFFF,0xFFFFFFFF,0xFFFFFFFF,0xFFFFFFFF,0xFFFFFFFF,0xFFFFFFFF,0xFFFFFFFF,
    0xFFFFFFFF,0xFFFFFFFF,0xFFFFFFFF,0xFFFFFFFF,0xFFFFFFFF,0xFFFFFFFF,0xFFFFFFFF,
    0xFFFFFFFF,0xFFFFFFFF,0xCBFFFFFF,0x0BFFFFFF,0x00000000,0x00000000,0x00000000,
    0x00000000,0x00000000,0x00000000,0x00000000,0x00000000,0x00000000,0x00000000,
    0x00000000,0x00000000,0x00000000,0x00000000,0x00000000,0x00000000,0x29FFFFFF,
    0xFFFFFFFF,0xFFFFFFFF,0xFFFFFFFF,0xFFFFFFFF,0xFFFFFFFF,0xFFFFFFFF,0xFFFFFFFF,
    0xFFFFFFFF,0xFFFFFFFF,0xFFFFFFFF,0xFFFFFFFF,0xFFFFFFFF,0xFFFFFFFF,0xFFFFFFFF,
    0xFFFFFFFF,0xFFFFFFFF,0xFFFFFFFF,0xFFFFFFFF,0xFFFFFFFF,0xFFFFFFFF,0xFFFFFFFF,
    0xFFFFFFFF,0xFFFFFFFF,0xFFFFFFFF,0xFFFFFFFF,0xFFFFFFFF,0xFFFFFFFF,0xFFFFFFFF,
    0xFFFFFFFF,0xFFFFFFFF,0xFFFFFFFF,0xFFFFFFFF,0xFFFFFFFF,0xFFFFFFFF,0xFFFFFFFF,
    0xFFFFFFFF,0xFFFFFFFF,0xFFFFFFFF,0xFFFFFFFF,0xFFFFFFFF,0xFFFFFFFF,0xFFFFFFFF,
    0xFFFFFFFF,0xFFFFFFFF,0xFFFFFFFF,0xFFFFFFFF,0xFFFFFFFF,0xFFFFFFFF,0xFFFFFFFF,
    0xFFFFFFFF,0xFFFFFFFF,0xFFFFFFFF,0xFFFFFFFF,0xFFFFFFFF,0xFFFFFFFF,0xFFFFFFFF,
    0xFFFFFFFF,0xA2FFFFFF,0x0AFFFFFF,0x00000000,0x00000000,0x00000000,0x00000000,
    0x00000000,0x00000000,0x00000000,0x00000000,0x00000000,0x00000000,0x00000000,
    0x00000000,0x00000000,0x00000000,0x00000000,0x00000000,0x00000000,0x6BFFFFFF,
    0xFFFFFFFF,0xFFFFFFFF,0xFFFFFFFF,0xFFFFFFFF,0xFFFFFFFF,0xFFFFFFFF,0xFFFFFFFF,
    0xFFFFFFFF,0xFFFFFFFF,0xFFFFFFFF,0xFFFFFFFF,0xFFFFFFFF,0xFFFFFFFF,0xFFFFFFFF,
    0xFFFFFFFF,0xFFFFFFFF,0xFFFFFFFF,0xFFFFFFFF,0xFFFFFFFF,0xFFFFFFFF,0xFFFFFFFF,
    0xFFFFFFFF,0xFFFFFFFF,0xFFFFFFFF,0xFFFFFFFF,0xFFFFFFFF,0xFFFFFFFF,0xFFFFFFFF,
    0xFFFFFFFF,0xFFFFFFFF,0xFFFFFFFF,0xFFFFFFFF,0xFFFFFFFF,0xFFFFFFFF,0xFFFFFFFF,
    0xFFFFFFFF,0xFFFFFFFF,0xFFFFFFFF,0xFFFFFFFF,0xFFFFFFFF,0xFFFFFFFF,0xFFFFFFFF,
    0xFFFFFFFF,0xFFFFFFFF,0xFFFFFFFF,0xFFFFFFFF,0xFFFFFFFF,0xFFFFFFFF,0xFFFFFFFF,
    0xFFFFFFFF,0xFFFFFFFF,0xFFFFFFFF,0xFFFFFFFF,0xFFFFFFFF,0xFFFFFFFF,0xDBFFFFFF,
    0x3BFFFFFF,0x00000000,0x00000000,0x00000000,0x00000000,0x00000000,0x00000000,
    0x00000000,0x00000000,0x00000000,0x00000000,0x00000000,0x00000000,0x00000000,
    0x00000000,0x00000000,0x00000000,0x00000000,0x00000000,0x00000000,0x00000000,
    0x00000000,0x85FFFFFF,0xFFFFFFFF,0xFFFFFFFF,0xFFFFFFFF,0xFFFFFFFF,0xFFFFFFFF,
    0xFFFFFFFF,0xFFFFFFFF,0xFFFFFFFF,0xFFFFFFFF,0xFFFFFFFF,0xFFFFFFFF,0xFFFFFFFF,
    0xFFFFFFFF,0xFFFFFFFF,0xFFFFFFFF,0xFFFFFFFF,0xFFFFFFFF,0xFFFFFFFF,0xFFFFFFFF,
    0xFFFFFFFF,0xFFFFFFFF,0xFFFFFFFF,0xFFFFFFFF,0xFFFFFFFF,0xDBFFFFFF,0x15FFFFFF,
    0x00000000,0x00000000,0x00000000,0x00000000,0x00000000,0x00000000,0x00000000,
    0x00000000,0x00000000,0x00000000,0x00000000,0x00000000,0x00000000,0x00000000,
    0x00000000,0x00000000,0x00000000,0x65FFFFFF,0xFFFFFFFF,0xFFFFFFFF,0xFFFFFFFF,
    0xFFFFFFFF,0xFFFFFFFF,0xFFFFFFFF,0xFFFFFFFF,0xFFFFFFFF,0xFFFFFFFF,0xFFFFFFFF,
    0xFFFFFFFF,0xFFFFFFFF,0xFFFFFFFF,0xFFFFFFFF,0xFFFFFFFF,0xFFFFFFFF,0xFFFFFFFF,
    0xFFFFFFFF,0xFFFFFFFF,0xFFFFFFFF,0xFFFFFFFF,0xFFFFFFFF,0xFFFFFFFF,0xFFFFFFFF,
    0xFFFFFFFF,0xFFFFFFFF,0xFFFFFFFF,0xFFFFFFFF,0xFFFFFFFF,0xFFFFFFFF,0xFFFFFFFF,
    0xFFFFFFFF,0xFFFFFFFF,0xFFFFFFFF,0xFFFFFFFF,0xFFFFFFFF,0xFFFFFFFF,0xFFFFFFFF,
    0xFFFFFFFF,0xFFFFFFFF,0xFFFFFFFF,0xFFFFFFFF,0xFFFFFFFF,0xFFFFFFFF,0xFFFFFFFF,
    0xFFFFFFFF,0xFFFFFFFF,0xFFFFFFFF,0xFFFFFFFF,0xFFFFFFFF,0xFFFFFFFF,0xFFFFFFFF,
    0xFFFFFFFF,0xFFFFFFFF,0xFFFFFFFF,0xE6FFFFFF,0x4CFFFFFF,0x00000000,0x00000000,
    0x00000000,0x00000000,0x00000000,0x00000000,0x00000000,0x00000000,0x00000000,
    0x00000000,0x00000000,0x00000000,0x00000000,0x00000000,0x00000000,0x00000000,
    0x00000000,0x00000000,0x00000000,0xA8FFFFFF,0xFFFFFFFF,0xFFFFFFFF,0xFFFFFFFF,
    0xFFFFFFFF,0xFFFFFFFF,0xFFFFFFFF,0xFFFFFFFF,0xFFFFFFFF,0xFFFFFFFF,0xFFFFFFFF,
    0xFFFFFFFF,0xFFFFFFFF,0xFFFFFFFF,0xFFFFFFFF,0xFFFFFFFF,0xFFFFFFFF,0xFFFFFFFF,
    0xFFFFFFFF,0xFFFFFFFF,0xFFFFFFFF,0xFFFFFFFF,0xFFFFFFFF,0xFFFFFFFF,0xFFFFFFFF,
    0xFFFFFFFF,0xFFFFFFFF,0xFFFFFFFF,0xFFFFFFFF,0xFFFFFFFF,0xFFFFFFFF,0xFFFFFFFF,
    0xFFFFFFFF,0xFFFFFFFF,0xFFFFFFFF,0xFFFFFFFF,0xFFFFFFFF,0xFFFFFFFF,0xFFFFFFFF,
    0xFFFFFFFF,0xFFFFFFFF,0xFFFFFFFF,0xFFFFFFFF,0xFFFFFFFF,0xFFFFFFFF,0xFFFFFFFF,
    0xFFFFFFFF,0xFFFFFFFF,0xFFFFFFFF,0xFFFFFFFF,0xFFFFFFFF,0xFFFFFFFF,0xFFFFFFFF,
    0xFFFFFFFF,0xFAFFFFFF,0x88FFFFFF,0x08FFFFFF,0x00000000,0x00000000,0x00000000,
    0x00000000,0x00000000,0x00000000,0x00000000,0x00000000,0x00000000,0x00000000,
    0x00000000,0x00000000,0x00000000,0x00000000,0x00000000,0x00000000,0x00000000,
    0x00000000,0x00000000,0x00000000,0x00000000,0x00000000,0x29FFFFFF,0xFFFFFFFF,
    0xFFFFFFFF,0xFFFFFFFF,0xFFFFFFFF,0xFFFFFFFF,0xFFFFFFFF,0xFFFFFFFF,0xFFFFFFFF,
    0xFFFFFFFF,0xFFFFFFFF,0xFFFFFFFF,0xFFFFFFFF,0xFFFFFFFF,0xFFFFFFFF,0xFFFFFFFF,
    0xFFFFFFFF,0xFFFFFFFF,0xFFFFFFFF,0xFFFFFFFF,0xFFFFFFFF,0xFFFFFFFF,0xFFFFFFFF,
    0xFFFFFFFF,0xEBFFFFFF,0x26FFFFFF,0x00000000,0x00000000,0x00000000,0x00000000,
    0x00000000,0x00000000,0x00000000,0x00000000,0x00000000,0x00000000,0x00000000,
    0x00000000,0x00000000,0x00000000,0x00000000,0x00000000,0x00000000,0x00000000,
    0xA2FFFFFF,0xFFFFFFFF,0xFFFFFFFF,0xFFFFFFFF,0xFFFFFFFF,0xFFFFFFFF,0xFFFFFFFF,
    0xFFFFFFFF,0xFFFFFFFF,0xFFFFFFFF,0xFFFFFFFF,0xFFFFFFFF,0xFFFFFFFF,0xFFFFFFFF,
    0xFFFFFFFF,0xFFFFFFFF,0xFFFFFFFF,0xFFFFFFFF,0xFFFFFFFF,0xFFFFFFFF,0xFFFFFFFF,
    0xFFFFFFFF,0xFFFFFFFF,0xFFFFFFFF,0xFFFFFFFF,0xFFFFFFFF,0xFFFFFFFF,0xFFFFFFFF,
    0xFFFFFFFF,0xFFFFFFFF,0xFFFFFFFF,0xFFFFFFFF,0xFFFFFFFF,0xFFFFFFFF,0xFFFFFFFF,
    0xFFFFFFFF,0xFFFFFFFF,0xFFFFFFFF,0xFFFFFFFF,0xFFFFFFFF,0xFFFFFFFF,0xFFFFFFFF,
    0xFFFFFFFF,0xFFFFFFFF,0xFFFFFFFF,0xFFFFFFFF,0xFFFFFFFF,0xFFFFFFFF,0xFFFFFFFF,
    0xFFFFFFFF,0xFFFFFFFF,0xFFFFFFFF,0xFFFFFFFF,0xFFFFFFFF,0xFDFFFFFF,0x99FFFFFF,
    0x0EFFFFFF,0x00000000,0x00000000,0x00000000,0x00000000,0x00000000,0x00000000,
    0x00000000,0x00000000,0x00000000,0x00000000,0x00000000,0x00000000,0x00000000,
    0x00000000,0x00000000,0x00000000,0x00000000,0x00000000,0x00000000,0x00000000,
    0xE4FFFFFF,0xFFFFFFFF,0xFFFFFFFF,0xFFFFFFFF,0xFFFFFFFF,0xFFFFFFFF,0xFFFFFFFF,
    0xFFFFFFFF,0xFFFFFFFF,0xFFFFFFFF,0xFFFFFFFF,0xFFFFFFFF,0xFFFFFFFF,0xFFFFFFFF,
    0xFFFFFFFF,0xFFFFFFFF,0xFFFFFFFF,0xFFFFFFFF,0xFFFFFFFF,0xFFFFFFFF,0xFFFFFFFF,
    0xFFFFFFFF,0xFFFFFFFF,0xFFFFFFFF,0xFFFFFFFF,0xFFFFFFFF,0xFFFFFFFF,0xFFFFFFFF,
    0xFFFFFFFF,0xFFFFFFFF,0xFFFFFFFF,0xFFFFFFFF,0xFFFFFFFF,0xFFFFFFFF,0xFFFFFFFF,
    0xFFFFFFFF,0xFFFFFFFF,0xFFFFFFFF,0xFFFFFFFF,0xFFFFFFFF,0xFFFFFFFF,0xFFFFFFFF,
    0xFFFFFFFF,0xFFFFFFFF,0xFFFFFFFF,0xFFFFFFFF,0xFFFFFFFF,0xFFFFFFFF,0xFFFFFFFF,
    0xFFFFFFFF,0xFFFFFFFF,0xFFFFFFFF,0xFEFFFFFF,0xADFFFFFF,0x26FFFFFF,0x00000000,
    0x00000000,0x00000000,0x00000000,0x00000000,0x00000000,0x00000000,0x00000000,
    0x00000000,0x00000000,0x00000000,0x00000000,0x00000000,0x00000000,0x00000000,
    0x00000000,0x00000000,0x00000000,0x00000000,0x00000000,0x00000000,0x00000000,
    0x00000000,0x00000000,0x00000000,0xCFFFFFFF,0xFFFFFFFF,0xFFFFFFFF,0xFFFFFFFF,
    0xFFFFFFFF,0xFFFFFFFF,0xFFFFFFFF,0xFFFFFFFF,0xFFFFFFFF,0xFFFFFFFF,0xFFFFFFFF,
    0xFFFFFFFF,0xFFFFFFFF,0xFFFFFFFF,0xFFFFFFFF,0xFFFFFFFF,0xFFFFFFFF,0xFFFFFFFF,
    0xFFFFFFFF,0xFFFFFFFF,0xFFFFFFFF,0xFFFFFFFF,0xF4FFFFFF,0x36FFFFFF,0x00000000,
    0x00000000,0x00000000,0x00000000,0x00000000,0x00000000,0x00000000,0x00000000,
    0x00000000,0x00000000,0x00000000,0x00000000,0x00000000,0x00000000,0x00000000,
    0x00000000,0x00000000,0x00000000,0x00000000,0xDEFFFFFF,0xFFFFFFFF,0xFFFFFFFF,
    0xFFFFFFFF,0xFFFFFFFF,0xFFFFFFFF,0xFFFFFFFF,0xFFFFFFFF,0xFFFFFFFF,0xFFFFFFFF,
    0xFFFFFFFF,0xFFFFFFFF,0xFFFFFFFF,0xFFFFFFFF,0xFFFFFFFF,0xFFFFFFFF,0xFFFFFFFF,
    0xFFFFFFFF,0xFFFFFFFF,0xFFFFFFFF,0xFFFFFFFF,0xFFFFFFFF,0xFFFFFFFF,0xFFFFFFFF,
    0xFFFFFFFF,0xFFFFFFFF,0xFFFFFFFF,0xFFFFFFFF,0xFFFFFFFF,0xFFFFFFFF,0xFFFFFFFF,
    0xFFFFFFFF,0xFFFFFFFF,0xFFFFFFFF,0xFFFFFFFF,0xFFFFFFFF,0xFFFFFFFF,0xFFFFFFFF,
    0xFFFFFFFF,0xFFFFFFFF,0xFFFFFFFF,0xFFFFFFFF,0xFFFFFFFF,0xFFFFFFFF,0xFFFFFFFF,
    0xFFFFFFFF,0xFFFFFFFF,0xFFFFFFFF,0xFFFFFFFF,0xFFFFFFFF,0xFFFFFFFF,0xFFFFFFFF,
    0xFFFFFFFF,0xBAFFFFFF,0x31FFFFFF,0x00000000,0x00000000,0x00000000,0x00000000,
    0x00000000,0x00000000,0x00000000,0x00000000,0x00000000,0x00000000,0x00000000,
    0x00000000,0x00000000,0x00000000,0x00000000,0x00000000,0x00000000,0x00000000,
    0x00000000,0x00000000,0x00000000,0x22FFFFFF,0xFFFFFFFF,0xFFFFFFFF,0xFFFFFFFF,
    0xFFFFFFFF,0xFFFFFFFF,0xFFFFFFFF,0xFFFFFFFF,0xFFFFFFFF,0xFFFFFFFF,0xFFFFFFFF,
    0xFFFFFFFF,0xFFFFFFFF,0xFFFFFFFF,0xFFFFFFFF,0xFFFFFFFF,0xFFFFFFFF,0xFFFFFFFF,
    0xFFFFFFFF,0xFFFFFFFF,0xFFFFFFFF,0xFFFFFFFF,0xFFFFFFFF,0xFFFFFFFF,0xFFFFFFFF,
    0xFFFFFFFF,0xFFFFFFFF,0xFFFFFFFF,0xFFFFFFFF,0xFFFFFFFF,0xFFFFFFFF,0xFFFFFFFF,
    0xFFFFFFFF,0xFFFFFFFF,0xFFFFFFFF,0xFFFFFFFF,0xFFFFFFFF,0xFFFFFFFF,0xFFFFFFFF,
    0xFFFFFFFF,0xFFFFFFFF,0xFFFFFFFF,0xFFFFFFFF,0xFFFFFFFF,0xFFFFFFFF,0xFFFFFFFF,
    0xFFFFFFFF,0xFFFFFFFF,0xFFFFFFFF,0xFFFFFFFF,0xFFFFFFFF,0xFFFFFFFF,0xB5FFFFFF,
    0x33FFFFFF,0x00000000,0x00000000,0x00000000,0x00000000,0x00000000,0x00000000,
    0x00000000,0x00000000,0x00000000,0x00000000,0x00000000,0x00000000,0x00000000,
    0x00000000,0x00000000,0x00000000,0x00000000,0x00000000,0x00000000,0x00000000,
    0x00000000,0x00000000,0x00000000,0x00000000,0x00000000,0x00000000,0x00000000,
    0x75FFFFFF,0xFFFFFFFF,0xFFFFFFFF,0xFFFFFFFF,0xFFFFFFFF,0xFFFFFFFF,0xFFFFFFFF,
    0xFFFFFFFF,0xFFFFFFFF,0xFFFFFFFF,0xFFFFFFFF,0xFFFFFFFF,0xFFFFFFFF,0xFFFFFFFF,
    0xFFFFFFFF,0xFFFFFFFF,0xFFFFFFFF,0xFFFFFFFF,0xFFFFFFFF,0xFFFFFFFF,0xFFFFFFFF,
    0xFBFFFFFF,0x4CFFFFFF,0x00000000,0x00000000,0x00000000,0x00000000,0x00000000,
    0x00000000,0x00000000,0x00000000,0x00000000,0x00000000,0x00000000,0x00000000,
    0x00000000,0x00000000,0x00000000,0x00000000,0x00000000,0x00000000,0x00000000,
    0x1CFFFFFF,0xFFFFFFFF,0xFFFFFFFF,0xFFFFFFFF,0xFFFFFFFF,0xFFFFFFFF,0xFFFFFFFF,
    0xFFFFFFFF,0xFFFFFFFF,0xFFFFFFFF,0xFFFFFFFF,0xFFFFFFFF,0xFFFFFFFF,0xFFFFFFFF,
    0xFFFFFFFF,0xFFFFFFFF,0xFFFFFFFF,0xFFFFFFFF,0xFFFFFFFF,0xFFFFFFFF,0xFFFFFFFF,
    0xFFFFFFFF,0xFFFFFFFF,0xFFFFFFFF,0xFFFFFFFF,0xFFFFFFFF,0xFFFFFFFF,0xFFFFFFFF,
    0xFFFFFFFF,0xFFFFFFFF,0xFFFFFFFF,0xFFFFFFFF,0xFFFFFFFF,0xFFFFFFFF,0xFFFFFFFF,
    0xFFFFFFFF,0xFFFFFFFF,0xFFFFFFFF,0xFFFFFFFF,0xFFFFFFFF,0xFFFFFFFF,0xFFFFFFFF,
    0xFFFFFFFF,0xFFFFFFFF,0xFFFFFFFF,0xFFFFFFFF,0xFFFFFFFF,0xFFFFFFFF,0xFFFFFFFF,
    0xFFFFFFFF,0xFFFFFFFF,0xFFFFFFFF,0xC2FFFFFF,0x3EFFFFFF,0x00000000,0x00000000,
    0x00000000,0x00000000,0x00000000,0x00000000,0x00000000,0x00000000,0x00000000,
    0x00000000,0x00000000,0x00000000,0x00000000,0x00000000,0x00000000,0x00000000,
    0x00000000,0x00000000,0x00000000,0x00000000,0x00000000,0x00000000,0x00000000,
    0x5FFFFFFF,0xFFFFFFFF,0xFFFFFFFF,0xFFFFFFFF,0xFFFFFFFF,0xFFFFFFFF,0xFFFFFFFF,
    0xFFFFFFFF,0xFFFFFFFF,0xFFFFFFFF,0xFFFFFFFF,0xFFFFFFFF,0xFFFFFFFF,0xFFFFFFFF,
    0xFFFFFFFF,0xFFFFFFFF,0xFFFFFFFF,0xFFFFFFFF,0xFFFFFFFF,0xFFFFFFFF,0xFFFFFFFF,
    0xFFFFFFFF,0xFFFFFFFF,0xFFFFFFFF,0xFFFFFFFF,0xFFFFFFFF,0xFFFFFFFF,0xFFFFFFFF,
    0xFFFFFFFF,0xFFFFFFFF,0xFFFFFFFF,0xFFFFFFFF,0xFFFFFFFF,0xFFFFFFFF,0xFFFFFFFF,
    0xFFFFFFFF,0xFFFFFFFF,0xFFFFFFFF,0xFFFFFFFF,0xFFFFFFFF,0xFFFFFFFF,0xFFFFFFFF,
    0xFFFFFFFF,0xFFFFFFFF,0xFFFFFFFF,0xFFFFFFFF,0xFFFFFFFF,0xFFFFFFFF,0xFFFFFFFF,
    0xF9FFFFFF,0xAAFFFFFF,0x37FFFFFF,0x00000000,0x00000000,0x00000000,0x00000000,
    0x00000000,0x00000000,0x00000000,0x00000000,0x00000000,0x00000000,0x00000000,
    0x00000000,0x00000000,0x00000000,0x00000000,0x00000000,0x00000000,0x00000000,
    0x00000000,0x00000000,0x00000000,0x00000000,0x00000000,0x00000000,0x00000000,
    0x00000000,0x00000000,0x00000000,0x00000000,0x1AFFFFFF,0xFDFFFFFF,0xFFFFFFFF,
    0xFFFFFFFF,0xFFFFFFFF,0xFFFFFFFF,0xFFFFFFFF,0xFFFFFFFF,0xFFFFFFFF,0xFFFFFFFF,
    0xFFFFFFFF,0xFFFFFFFF,0xFFFFFFFF,0xFFFFFFFF,0xFFFFFFFF,0xFFFFFFFF,0xFFFFFFFF,
    0xFFFFFFFF,0xFFFFFFFF,0xFFFFFFFF,0xFFFFFFFF,0x6BFFFFFF,0x00000000,0x00000000,
    0x00000000,0x00000000,0x00000000,0x00000000,0x00000000,0x00000000,0x00000000,
    0x00000000,0x00000000,0x00000000,0x00000000,0x00000000,0x00000000,0x00000000,
    0x00000000,0x00000000,0x00000000,0x00000000,0x59FFFFFF,0xFFFFFFFF,0xFFFFFFFF,
    0xFFFFFFFF,0xFFFFFFFF,0xFFFFFFFF,0xFFFFFFFF,0xFFFFFFFF,0xFFFFFFFF,0xFFFFFFFF,
    0xFFFFFFFF,0xFFFFFFFF,0xFFFFFFFF,0xFFFFFFFF,0xFFFFFFFF,0xFFFFFFFF,0xFFFFFFFF,
    0xFFFFFFFF,0xFFFFFFFF,0xFFFFFFFF,0xFFFFFFFF,0xFFFFFFFF,0xFFFFFFFF,0xFFFFFFFF,
    0xFFFFFFFF,0xFFFFFFFF,0xFFFFFFFF,0xFFFFFFFF,0xFFFFFFFF,0xFFFFFFFF,0xFFFFFFFF,
    0xFFFFFFFF,0xFFFFFFFF,0xFFFFFFFF,0xFFFFFFFF,0xFFFFFFFF,0xFFFFFFFF,0xFFFFFFFF,
    0xFFFFFFFF,0xFFFFFFFF,0xFFFFFFFF,0xFFFFFFFF,0xFFFFFFFF,0xFFFFFFFF,0xFFFFFFFF,
    0xFFFFFFFF,0xFFFFFFFF,0xFFFFFFFF,0xFFFFFFFF,0xFDFFFFFF,0xB3FFFFFF,0x44FFFFFF,
    0x00000000,0x00000000,0x00000000,0x00000000,0x00000000,0x00000000,0x00000000,
    0x00000000,0x00000000,0x00000000,0x00000000,0x00000000,0x00000000,0x00000000,
    0x00000000,0x00000000,0x00000000,0x00000000,0x00000000,0x00000000,0x00000000,
    0x00000000,0x00000000,0x00000000,0x00000000,0x9BFFFFFF,0xFFFFFFFF,0xFFFFFFFF,
    0xFFFFFFFF,0xFFFFFFFF,0xFFFFFFFF,0xFFFFFFFF,0xFFFFFFFF,0xFFFFFFFF,0xFFFFFFFF,
    0xFFFFFFFF,0xFFFFFFFF,0xFFFFFFFF,0xFFFFFFFF,0xFFFFFFFF,0xFFFFFFFF,0xFFFFFFFF,
    0xFFFFFFFF,0xFFFFFFFF,0xFFFFFFFF,0xFFFFFFFF,0xFFFFFFFF,0xFFFFFFFF,0xFFFFFFFF,
    0xFFFFFFFF,0xFFFFFFFF,0xFFFFFFFF,0xFFFFFFFF,0xFFFFFFFF,0xFFFFFFFF,0xFFFFFFFF,
    0xFFFFFFFF,0xFFFFFFFF,0xFFFFFFFF,0xFFFFFFFF,0xFFFFFFFF,0xFFFFFFFF,0xFFFFFFFF,
    0xFFFFFFFF,0xFFFFFFFF,0xFFFFFFFF,0xFFFFFFFF,0xFFFFFFFF,0xFFFFFFFF,0xFFFFFFFF,
    0xFFFFFFFF,0xFFFFFFFF,0xD5FFFFFF,0x78FFFFFF,0x16FFFFFF,0x00000000,0x00000000,
    0x00000000,0x00000000,0x00000000,0x00000000,0x00000000,0x00000000,0x00000000,
    0x00000000,0x00000000,0x00000000,0x00000000,0x00000000,0x00000000,0x00000000,
    0x00000000,0x00000000,0x00000000,0x00000000,0x00000000,0x00000000,0x00000000,
    0x00000000,0x00000000,0x00000000,0x00000000,0x00000000,0x00000000,0x00000000,
    0x00000000,0x00000000,0xBFFFFFFF,0xFFFFFFFF,0xFFFFFFFF,0xFFFFFFFF,0xFFFFFFFF,
    0xFFFFFFFF,0xFFFFFFFF,0xFFFFFFFF,0xFFFFFFFF,0xFFFFFFFF,0xFFFFFFFF,0xFFFFFFFF,
    0xFFFFFFFF,0xFFFFFFFF,0xFFFFFFFF,0xFFFFFFFF,0xFFFFFFFF,0xFFFFFFFF,0xFFFFFFFF,
    0x82FFFFFF,0x00000000,0x00000000,0x00000000,0x00000000,0x00000000,0x00000000,
    0x00000000,0x00000000,0x00000000,0x00000000,0x00000000,0x00000000,0x00000000,
    0x00000000,0x00000000,0x00000000,0x00000000,0x00000000,0x00000000,0x00000000,
    0x00000000,0x95FFFFFF,0xFFFFFFFF,0xFFFFFFFF,0xFFFFFFFF,0xFFFFFFFF,0xFFFFFFFF,
    0xFFFFFFFF,0xFFFFFFFF,0xFFFFFFFF,0xFFFFFFFF,0xFFFFFFFF,0xFFFFFFFF,0xFFFFFFFF,
    0xFFFFFFFF,0xFFFFFFFF,0xFFFFFFFF,0xFFFFFFFF,0xFFFFFFFF,0xFFFFFFFF,0xFFFFFFFF,
    0xFFFFFFFF,0xFFFFFFFF,0xFFFFFFFF,0xFFFFFFFF,0xFFFFFFFF,0xFFFFFFFF,0xFFFFFFFF,
    0xFFFFFFFF,0xFFFFFFFF,0xFFFFFFFF,0xFFFFFFFF,0xFFFFFFFF,0xFFFFFFFF,0xFFFFFFFF,
    0xFFFFFFFF,0xFFFFFFFF,0xFFFFFFFF,0xFFFFFFFF,0xFFFFFFFF,0xFFFFFFFF,0xFFFFFFFF,
    0xFFFFFFFF,0xFFFFFFFF,0xFFFFFFFF,0xFFFFFFFF,0xFFFFFFFF,0xFFFFFFFF,0xDCFFFFFF,
    0x81FFFFFF,0x1DFFFFFF,0x00000000,0x00000000,0x00000000,0x00000000,0x00000000,
    0x00000000,0x00000000,0x00000000,0x00000000,0x00000000,0x00000000,0x00000000,
    0x00000000,0x00000000,0x00000000,0x00000000,0x00000000,0x00000000,0x00000000,
    0x00000000,0x00000000,0x00000000,0x00000000,0x00000000,0x00000000,0x00000000,
    0x00000000,0xD7FFFFFF,0xFFFFFFFF,0xFFFFFFFF,0xFFFFFFFF,0xFFFFFFFF,0xFFFFFFFF,
    0xFFFFFFFF,0xFFFFFFFF,0xFFFFFFFF,0xFFFFFFFF,0xFFFFFFFF,0xFFFFFFFF,0xFFFFFFFF,
    0xFFFFFFFF,0xFFFFFFFF,0xFFFFFFFF,0xFFFFFFFF,0xFFFFFFFF,0xFFFFFFFF,0xFFFFFFFF,
    0xFFFFFFFF,0xFFFFFFFF,0xFFFFFFFF,0xFFFFFFFF,0xFFFFFFFF,0xFFFFFFFF,0xFFFFFFFF,
    0xFFFFFFFF,0xFFFFFFFF,0xFFFFFFFF,0xFFFFFFFF,0xFFFFFFFF,0xFFFFFFFF,0xFFFFFFFF,
    0xFFFFFFFF,0xFFFFFFFF,0xFFFFFFFF,0xFFFFFFFF,0xFFFFFFFF,0xFFFFFFFF,0xFFFFFFFF,
    0xFFFFFFFF,0xFFFFFFFF,0xFFFFFFFF,0xDBFFFFFF,0x8CFFFFFF,0x32FFFFFF,0x00000000,
    0x00000000,0x00000000,0x00000000,0x00000000,0x00000000,0x00000000,0x00000000,
    0x00000000,0x00000000,0x00000000,0x00000000,0x00000000,0x00000000,0x00000000,
    0x00000000,0x00000000,0x00000000,0x00000000,0x00000000,0x00000000,0x00000000,
    0x00000000,0x00000000,0x00000000,0x00000000,0x00000000,0x00000000,0x00000000,
    0x00000000,0x00000000,0x00000000,0x00000000,0x00000000,0x00000000,0x65FFFFFF,
    0xFFFFFFFF,0xFFFFFFFF,0xFFFFFFFF,0xFFFFFFFF,0xFFFFFFFF,0xFFFFFFFF,0xFFFFFFFF,
    0xFFFFFFFF,0xFFFFFFFF,0xFFFFFFFF,0xFFFFFFFF,0xFFFFFFFF,0xFFFFFFFF,0xFFFFFFFF,
    0xFFFFFFFF,0xFFFFFFFF,0xFFFFFFFF,0x9FFFFFFF,0x01FFFFFF,0x00000000,0x00000000,
    0x00000000,0x00000000,0x00000000,0x00000000,0x00000000,0x00000000,0x00000000,
    0x00000000,0x00000000,0x00000000,0x00000000,0x00000000,0x00000000,0x00000000,
    0x00000000,0x00000000,0x00000000,0x00000000,0x00000000,0xD2FFFFFF,0xFFFFFFFF,
    0xFFFFFFFF,0xFFFFFFFF,0xFFFFFFFF,0xFFFFFFFF,0xFFFFFFFF,0xFFFFFFFF,0xFFFFFFFF,
    0xFFFFFFFF,0xFFFFFFFF,0xFFFFFFFF,0xFFFFFFFF,0xFFFFFFFF,0xFFFFFFFF,0xFFFFFFFF,
    0xFFFFFFFF,0xFFFFFFFF,0xFFFFFFFF,0xFFFFFFFF,0xFFFFFFFF,0xFFFFFFFF,0xFFFFFFFF,
    0xFFFFFFFF,0xFFFFFFFF,0xFFFFFFFF,0xFFFFFFFF,0xFFFFFFFF,0xFFFFFFFF,0xFFFFFFFF,
    0xFFFFFFFF,0xFFFFFFFF,0xFFFFFFFF,0xFFFFFFFF,0xFFFFFFFF,0xFFFFFFFF,0xFFFFFFFF,
    0xFFFFFFFF,0xFFFFFFFF,0xFFFFFFFF,0xFFFFFFFF,0xFFFFFFFF,0xFFFFFFFF,0xFFFFFFFF,
    0xDFFFFFFF,0x92FFFFFF,0x39FFFFFF,0x00000000,0x00000000,0x00000000,0x00000000,
    0x00000000,0x00000000,0x00000000,0x00000000,0x00000000,0x00000000,0x00000000,
    0x00000000,0x00000000,0x00000000,0x00000000,0x00000000,0x00000000,0x00000000,
    0x00000000,0x00000000,0x00000000,0x00000000,0x00000000,0x00000000,0x00000000,
    0x00000000,0x00000000,0x00000000,0x00000000,0x16FFFFFF,0xFEFFFFFF,0xFFFFFFFF,
    0xFFFFFFFF,0xFFFFFFFF,0xFFFFFFFF,0xFFFFFFFF,0xFFFFFFFF,0xFFFFFFFF,0xFFFFFFFF,
    0xFFFFFFFF,0xFFFFFFFF,0xFFFFFFFF,0xFFFFFFFF,0xFFFFFFFF,0xFFFFFFFF,0xFFFFFFFF,
    0xFFFFFFFF,0xFFFFFFFF,0xFFFFFFFF,0xFFFFFFFF,0xFFFFFFFF,0xFFFFFFFF,0xFFFFFFFF,
    0xFFFFFFFF,0xFFFFFFFF,0xFFFFFFFF,0xFFFFFFFF,0xFFFFFFFF,0xFFFFFFFF,0xFFFFFFFF,
    0xFFFFFFFF,0xFFFFFFFF,0xFFFFFFFF,0xFFFFFFFF,0xFFFFFFFF,0xFFFFFFFF,0xFFFFFFFF,
    0xFFFFFFFF,0xFFFFFFFF,0xFFFFFFFF,0xEDFFFFFF,0xB5FFFFFF,0x71FFFFFF,0x26FFFFFF,
    0x00000000,0x00000000,0x00000000,0x00000000,0x00000000,0x00000000,0x00000000,
    0x00000000,0x00000000,0x00000000,0x00000000,0x00000000,0x00000000,0x00000000,
    0x00000000,0x00000000,0x00000000,0x00000000,0x00000000,0x00000000,0x00000000,
    0x00000000,0x00000000,0x00000000,0x00000000,0x00000000,0x00000000,0x00000000,
    0x00000000,0x00000000,0x00000000,0x00000000,0x00000000,0x00000000,0x00000000,
    0x00000000,0x00000000,0x00000000,0x11FFFFFF,0xF8FFFFFF,0xFFFFFFFF,0xFFFFFFFF,
    0xFFFFFFFF,0xFFFFFFFF,0xFFFFFFFF,0xFFFFFFFF,0xFFFFFFFF,0xFFFFFFFF,0xFFFFFFFF,
    0xFFFFFFFF,0xFFFFFFFF,0xFFFFFFFF,0xFFFFFFFF,0xFFFFFFFF,0xFFFFFFFF,0xB8FFFFFF,
    0x05FFFFFF,0x00000000,0x00000000,0x00000000,0x00000000,0x00000000,0x00000000,
    0x00000000,0x00000000,0x00000000,0x00000000,0x00000000,0x00000000,0x00000000,
    0x00000000,0x00000000,0x00000000,0x00000000,0x00000000,0x00000000,0x00000000,
    0x00000000,0x11FFFFFF,0xFDFFFFFF,0xFFFFFFFF,0xFFFFFFFF,0xFFFFFFFF,0xFFFFFFFF,
    0xFFFFFFFF,0xFFFFFFFF,0xFFFFFFFF,0xFFFFFFFF,0xFFFFFFFF,0xFFFFFFFF,0xFFFFFFFF,
    0xFFFFFFFF,0xFFFFFFFF,0xFFFFFFFF,0xFFFFFFFF,0xFFFFFFFF,0xFFFFFFFF,0xFFFFFFFF,
    0xFFFFFFFF,0xFFFFFFFF,0xFFFFFFFF,0xFFFFFFFF,0xFFFFFFFF,0xFFFFFFFF,0xFFFFFFFF,
    0xFFFFFFFF,0xFFFFFFFF,0xFFFFFFFF,0xFFFFFFFF,0xFFFFFFFF,0xFFFFFFFF,0xFFFFFFFF,
    0xFFFFFFFF,0xFFFFFFFF,0xFFFFFFFF,0xFFFFFFFF,0xFFFFFFFF,0xFFFFFFFF,0xFFFFFFFF,
    0xF0FFFFFF,0xB8FFFFFF,0x75FFFFFF,0x2BFFFFFF,0x00000000,0x00000000,0x00000000,
    0x00000000,0x00000000,0x00000000,0x00000000,0x00000000,0x00000000,0x00000000,
    0x00000000,0x00000000,0x00000000,0x00000000,0x00000000,0x00000000,0x00000000,
    0x00000000,0x00000000,0x00000000,0x00000000,0x00000000,0x00000000,0x00000000,
    0x00000000,0x00000000,0x00000000,0x00000000,0x00000000,0x00000000,0x00000000,
    0x00000000,0x52FFFFFF,0xFFFFFFFF,0xFFFFFFFF,0xFFFFFFFF,0xFFFFFFFF,0xFFFFFFFF,
    0xFFFFFFFF,0xFFFFFFFF,0xFFFFFFFF,0xFFFFFFFF,0xFFFFFFFF,0xFFFFFFFF,0xFFFFFFFF,
    0xFFFFFFFF,0xFFFFFFFF,0xFFFFFFFF,0xFFFFFFFF,0xFFFFFFFF,0xFFFFFFFF,0xFFFFFFFF,
    0xFFFFFFFF,0xFFFFFFFF,0xFFFFFFFF,0xFFFFFFFF,0xFFFFFFFF,0xFFFFFFFF,0xFFFFFFFF,
    0xFFFFFFFF,0xFFFFFFFF,0xFFFFFFFF,0xFFFFFFFF,0xFFFFFFFF,0xFFFFFFFF,0xFFFFFFFF,
    0xFFFFFFFF,0xFFFFFFFF,0xE1FFFFFF,0xB9FFFFFF,0x8FFFFFFF,0x61FFFFFF,0x29FFFFFF,
    0x01FFFFFF,0x00000000,0x00000000,0x00000000,0x00000000,0x00000000,0x00000000,
    0x00000000,0x00000000,0x00000000,0x00000000,0x00000000,0x00000000,0x00000000,
    0x00000000,0x00000000,0x00000000,0x00000000,0x00000000,0x00000000,0x00000000,
    0x00000000,0x00000000,0x00000000,0x00000000,0x00000000,0x00000000,0x00000000,
    0x00000000,0x00000000,0x00000000,0x00000000,0x00000000,0x00000000,0x00000000,
    0x00000000,0x00000000,0x00000000,0x00000000,0x00000000,0x00000000,0x00000000,
    0x00000000,0xAFFFFFFF,0xFFFFFFFF,0xFFFFFFFF,0xFFFFFFFF,0xFFFFFFFF,0xFFFFFFFF,
    0xFFFFFFFF,0xFFFFFFFF,0xFFFFFFFF,0xFFFFFFFF,0xFFFFFFFF,0xFFFFFFFF,0xFFFFFFFF,
    0xFFFFFFFF,0xFFFFFFFF,0xCDFFFFFF,0x0DFFFFFF,0x00000000,0x00000000,0x00000000,
    0x00000000,0x00000000,0x00000000,0x00000000,0x00000000,0x00000000,0x00000000,
    0x00000000,0x00000000,0x00000000,0x00000000,0x00000000,0x00000000,0x00000000,
    0x00000000,0x00000000,0x00000000,0x00000000,0x00000000,0x4CFFFFFF,0xFFFFFFFF,
    0xFFFFFFFF,0xFFFFFFFF,0xFFFFFFFF,0xFFFFFFFF,0xFFFFFFFF,0xFFFFFFFF,0xFFFFFFFF,
    0xFFFFFFFF,0xFFFFFFFF,0xFFFFFFFF,0xFFFFFFFF,0xFFFFFFFF,0xFFFFFFFF,0xFFFFFFFF,
    0xFFFFFFFF,0xFFFFFFFF,0xFFFFFFFF,0xFFFFFFFF,0xFFFFFFFF,0xFFFFFFFF,0xFFFFFFFF,
    0xFFFFFFFF,0xFFFFFFFF,0xFFFFFFFF,0xFFFFFFFF,0xFFFFFFFF,0xFFFFFFFF,0xFFFFFFFF,
    0xFFFFFFFF,0xFFFFFFFF,0xFFFFFFFF,0xFFFFFFFF,0xFFFFFFFF,0xFFFFFFFF,0xE3FFFFFF,
    0xBBFFFFFF,0x92FFFFFF,0x64FFFFFF,0x2BFFFFFF,0x02FFFFFF,0x00000000,0x00000000,
    0x00000000,0x00000000,0x00000000,0x00000000,0x00000000,0x00000000,0x00000000,
    0x00000000,0x00000000,0x00000000,0x00000000,0x00000000,0x00000000,0x00000000,
    0x00000000,0x00000000,0x00000000,0x00000000,0x00000000,0x00000000,0x00000000,
    0x00000000,0x00000000,0x00000000,0x00000000,0x00000000,0x00000000,0x00000000,
    0x00000000,0x00000000,0x00000000,0x00000000,0x00000000,0x45FFFFFF,0x88FFFFFF,
    0x88FFFFFF,0x88FFFFFF,0x88FFFFFF,0x88FFFFFF,0x88FFFFFF,0x88FFFFFF,0x88FFFFFF,
    0x88FFFFFF,0x88FFFFFF,0x88FFFFFF,0x88FFFFFF,0x88FFFFFF,0x88FFFFFF,0x88FFFFFF,
    0x88FFFFFF,0x88FFFFFF,0x88FFFFFF,0x88FFFFFF,0x88FFFFFF,0x88FFFFFF,0x88FFFFFF,
    0x88FFFFFF,0x88FFFFFF,0x88FFFFFF,0x88FFFFFF,0x88FFFFFF,0x88FFFFFF,0x7DFFFFFF,
    0x77FFFFFF,0x6CFFFFFF,0x58FFFFFF,0x3DFFFFFF,0x27FFFFFF,0x0AFFFFFF,0x00000000,
    0x00000000,0x00000000,0x00000000,0x00000000,0x00000000,0x00000000,0x00000000,
    0x00000000,0x00000000,0x00000000,0x00000000,0x00000000,0x00000000,0x00000000,
    0x00000000,0x00000000,0x00000000,0x00000000,0x00000000,0x00000000,0x00000000,
    0x00000000,0x00000000,0x00000000,0x00000000,0x00000000,0x00000000,0x00000000,
    0x00000000,0x00000000,0x00000000,0x00000000,0x00000000,0x00000000,0x00000000,
    0x00000000,0x00000000,0x00000000,0x00000000,0x00000000,0x00000000,0x00000000,
    0x00000000,0x00000000,0x00000000,0x00000000,0x00000000,0x55FFFFFF,0xFFFFFFFF,
    0xFFFFFFFF,0xFFFFFFFF,0xFFFFFFFF,0xFFFFFFFF,0xFFFFFFFF,0xFFFFFFFF,0xFFFFFFFF,
    0xFFFFFFFF,0xFFFFFFFF,0xFFFFFFFF,0xFFFFFFFF,0xFFFFFFFF,0xDEFFFFFF,0x18FFFFFF,
    0x00000000,0x00000000,0x00000000,0x00000000,0x00000000,0x00000000,0x00000000,
    0x00000000,0x00000000,0x00000000,0x00000000,0x00000000,0x00000000,0x00000000,
    0x00000000,0x00000000,0x00000000,0x00000000,0x00000000,0x00000000,0x00000000,
    0x00000000,0x00000000,0x41FFFFFF,0x88FFFFFF,0x88FFFFFF,0x88FFFFFF,0x88FFFFFF,
    0x88FFFFFF,0x88FFFFFF,0x88FFFFFF,0x88FFFFFF,0x88FFFFFF,0x88FFFFFF,0x88FFFFFF,
    0x88FFFFFF,0x88FFFFFF,0x88FFFFFF,0x88FFFFFF,0x88FFFFFF,0x88FFFFFF,0x88FFFFFF,
    0x88FFFFFF,0x88FFFFFF,0x88FFFFFF,0x88FFFFFF,0x88FFFFFF,0x88FFFFFF,0x88FFFFFF,
    0x88FFFFFF,0x88FFFFFF,0x88FFFFFF,0x7BFFFFFF,0x77FFFFFF,0x6AFFFFFF,0x58FFFFFF,
    0x3EFFFFFF,0x27FFFFFF,0x0BFFFFFF,0x00000000,0x00000000,0x00000000,0x00000000,
    0x00000000,0x00000000,0x00000000,0x00000000,0x00000000,0x00000000,0x00000000,
    0x00000000,0x00000000,0x00000000,0x00000000,0x00000000,0x00000000,0x00000000,
    0x00000000,0x00000000,0x00000000,0x00000000,0x00000000,0x00000000,0x00000000,
    0x00000000,0x00000000,0x00000000,0x00000000,0x00000000,0x00000000,0x00000000,
    0x00000000,0x00000000,0x00000000,0x00000000,0x00000000,0x00000000,0x00000000,
    0x00000000,0x00000000,0x00000000,0x00000000,0x00000000,0x00000000,0x00000000,
    0x00000000,0x00000000,0x00000000,0x00000000,0x00000000,0x00000000,0x00000000,
    0x00000000,0x00000000,0x00000000,0x00000000,0x00000000,0x00000000,0x00000000,
    0x00000000,0x00000000,0x00000000,0x00000000,0x00000000,0x00000000,0x00000000,
    0x00000000,0x00000000,0x00000000,0x00000000,0x00000000,0x00000000,0x00000000,
    0x00000000,0x00000000,0x00000000,0x00000000,0x00000000,0x00000000,0x00000000,
    0x00000000,0x00000000,0x00000000,0x00000000,0x00000000,0x00000000,0x00000000,
    0x00000000,0x00000000,0x00000000,0x00000000,0x00000000,0x00000000,0x00000000,
    0x00000000,0x00000000,0x00000000,0x00000000,0x00000000,0x00000000,0x00000000,
    0x00000000,0x00000000,0x00000000,0x00000000,0x00000000,0x00000000,0x00000000,
    0x00000000,0x00000000,0x00000000,0x00000000,0x00000000,0x00000000,0x00000000,
    0x00000000,0x00000000,0x00000000,0x00000000,0x00000000,0x00000000,0x00000000,
    0x00000000,0x00000000,0x08FFFFFF,0xF0FFFFFF,0xFFFFFFFF,0xFFFFFFFF,0xFFFFFFFF,
    0xFFFFFFFF,0xFFFFFFFF,0xFFFFFFFF,0xFFFFFFFF,0xFFFFFFFF,0xFFFFFFFF,0xFFFFFFFF,
    0xFFFFFFFF,0xECFFFFFF,0x28FFFFFF,0x00000000,0x00000000,0x00000000,0x00000000,
    0x00000000,0x00000000,0x00000000,0x00000000,0x00000000,0x00000000,0x00000000,
    0x00000000,0x00000000,0x00000000,0x00000000,0x00000000,0x00000000,0x00000000,
    0x00000000,0x00000000,0x00000000,0x00000000,0x00000000,0x00000000,0x00000000,
    0x00000000,0x00000000,0x00000000,0x00000000,0x00000000,0x00000000,0x00000000,
    0x00000000,0x00000000,0x00000000,0x00000000,0x00000000,0x00000000,0x00000000,
    0x00000000,0x00000000,0x00000000,0x00000000,0x00000000,0x00000000,0x00000000,
    0x00000000,0x00000000,0x00000000,0x00000000,0x00000000,0x00000000,0x00000000,
    0x00000000,0x00000000,0x00000000,0x00000000,0x00000000,0x00000000,0x00000000,
    0x00000000,0x00000000,0x00000000,0x00000000,0x00000000,0x00000000,0x00000000,
    0x00000000,0x00000000,0x00000000,0x00000000,0x00000000,0x00000000,0x00000000,
    0x00000000,0x00000000,0x00000000,0x00000000,0x00000000,0x00000000,0x00000000,
    0x00000000,0x00000000,0x00000000,0x00000000,0x00000000,0x00000000,0x00000000,
    0x00000000,0x00000000,0x00000000,0x00000000,0x00000000,0x00000000,0x00000000,
    0x00000000,0x00000000,0x00000000,0x00000000,0x00000000,0x00000000,0x00000000,
    0x00000000,0x00000000,0x00000000,0x00000000,0x00000000,0x00000000,0x00000000,
    0x00000000,0x00000000,0x00000000,0x00000000,0x00000000,0x00000000,0x00000000,
    0x00000000,0x00000000,0x00000000,0x00000000,0x00000000,0x00000000,0x00000000,
    0x00000000,0x00000000,0x00000000,0x00000000,0x00000000,0x00000000,0x00000000,
    0x00000000,0x00000000,0x00000000,0x00000000,0x00000000,0x00000000,0x00000000,
    0x00000000,0x00000000,0x00000000,0x00000000,0x00000000,0x00000000,0x00000000,
    0x00000000,0x00000000,0x00000000,0x00000000,0x00000000,0x00000000,0x00000000,
    0x00000000,0x00000000,0x00000000,0x00000000,0x00000000,0x00000000,0x00000000,
    0x00000000,0x00000000,0x00000000,0x00000000,0x00000000,0x00000000,0x00000000,
    0x00000000,0x00000000,0x00000000,0x00000000,0x00000000,0x00000000,0x00000000,
    0x00000000,0x00000000,0x00000000,0x00000000,0x00000000,0x00000000,0x00000000,
    0x00000000,0x00000000,0x00000000,0x00000000,0x00000000,0x00000000,0x00000000,
    0xA0FFFFFF,0xFFFFFFFF,0xFFFFFFFF,0xFFFFFFFF,0xFFFFFFFF,0xFFFFFFFF,0xFFFFFFFF,
    0xFFFFFFFF,0xFFFFFFFF,0xFFFFFFFF,0xFFFFFFFF,0xF6FFFFFF,0x3BFFFFFF,0x00000000,
    0x00000000,0x00000000,0x00000000,0x00000000,0x00000000,0x00000000,0x00000000,
    0x00000000,0x00000000,0x00000000,0x00000000,0x00000000,0x00000000,0x00000000,
    0x00000000,0x00000000,0x00000000,0x00000000,0x00000000,0x00000000,0x00000000,
    0x00000000,0x00000000,0x00000000,0x00000000,0x00000000,0x00000000,0x00000000,
    0x00000000,0x00000000,0x00000000,0x00000000,0x00000000,0x00000000,0x00000000,
    0x00000000,0x00000000,0x00000000,0x00000000,0x00000000,0x00000000,0x00000000,
    0x00000000,0x00000000,0x00000000,0x00000000,0x00000000,0x00000000,0x00000000,
    0x00000000,0x00000000,0x00000000,0x00000000,0x00000000,0x00000000,0x00000000,
    0x00000000,0x00000000,0x00000000,0x00000000,0x00000000,0x00000000,0x00000000,
    0x00000000,0x00000000,0x00000000,0x00000000,0x00000000,0x00000000,0x00000000,
    0x00000000,0x00000000,0x00000000,0x00000000,0x00000000,0x00000000,0x00000000,
    0x00000000,0x00000000,0x00000000,0x00000000,0x00000000,0x00000000,0x00000000,
    0x00000000,0x00000000,0x00000000,0x00000000,0x00000000,0x00000000,0x00000000,
    0x00000000,0x00000000,0x00000000,0x00000000,0x00000000,0x00000000,0x00000000,
    0x00000000,0x00000000,0x00000000,0x00000000,0x00000000,0x00000000,0x00000000,
    0x00000000,0x00000000,0x00000000,0x00000000,0x00000000,0x00000000,0x00000000,
    0x00000000,0x00000000,0x00000000,0x00000000,0x00000000,0x00000000,0x00000000,
    0x00000000,0x00000000,0x00000000,0x00000000,0x00000000,0x00000000,0x00000000,
    0x00000000,0x00000000,0x00000000,0x00000000,0x00000000,0x00000000,0x00000000,
    0x00000000,0x00000000,0x00000000,0x00000000,0x00000000,0x00000000,0x00000000,
    0x00000000,0x00000000,0x00000000,0x00000000,0x00000000,0x00000000,0x00000000,
    0x00000000,0x00000000,0x00000000,0x00000000,0x00000000,0x00000000,0x00000000,
    0x00000000,0x00000000,0x00000000,0x00000000,0x00000000,0x00000000,0x00000000,
    0x00000000,0x00000000,0x00000000,0x00000000,0x00000000,0x00000000,0x00000000,
    0x00000000,0x00000000,0x00000000,0x00000000,0x00000000,0x00000000,0x00000000,
    0x00000000,0x00000000,0x00000000,0x00000000,0x00000000,0x00000000,0x00000000,
    0x00000000,0x00000000,0x00000000,0x00000000,0x45FFFFFF,0xFFFFFFFF,0xFFFFFFFF,
    0xFFFFFFFF,0xFFFFFFFF,0xFFFFFFFF,0xFFFFFFFF,0xFFFFFFFF,0xFFFFFFFF,0xFFFFFFFF,
    0xFDFFFFFF,0x52FFFFFF,0x00000000,0x00000000,0x00000000,0x00000000,0x00000000,
    0x00000000,0x00000000,0x00000000,0x00000000,0x00000000,0x00000000,0x00000000,
    0x00000000,0x00000000,0x00000000,0x00000000,0x00000000,0x00000000,0x00000000,
    0x00000000,0x00000000,0x00000000,0x00000000,0x00000000,0x00000000,0x00000000,
    0x00000000,0x00000000,0x00000000,0x00000000,0x00000000,0x00000000,0x00000000,
    0x00000000,0x00000000,0x00000000,0x00000000,0x00000000,0x00000000,0x00000000,
    0x00000000,0x00000000,0x00000000,0x00000000,0x00000000,0x00000000,0x00000000,
    0x00000000,0x00000000,0x00000000,0x00000000,0x00000000,0x00000000,0x00000000,
    0x00000000,0x00000000,0x00000000,0x00000000,0x00000000,0x00000000,0x00000000,
    0x00000000,0x00000000,0x00000000,0x00000000,0x00000000,0x00000000,0x00000000,
    0x00000000,0x00000000,0x00000000,0x00000000,0x00000000,0x00000000,0x00000000,
    0x00000000,0x00000000,0x00000000,0x00000000,0x00000000,0x00000000,0x00000000,
    0x00000000,0x00000000,0x00000000,0x00000000,0x00000000,0x00000000,0x00000000,
    0x00000000,0x00000000,0x00000000,0x00000000,0x00000000,0x00000000,0x00000000,
    0x00000000,0x00000000,0x00000000,0x00000000,0x00000000,0x00000000,0x00000000,
    0x00000000,0x00000000,0x00000000,0x00000000,0x00000000,0x00000000,0x00000000,
    0x00000000,0x00000000,0x00000000,0x00000000,0x00000000,0x00000000,0x00000000,
    0x00000000,0x00000000,0x00000000,0x00000000,0x00000000,0x00000000,0x00000000,
    0x00000000,0x00000000,0x00000000,0x00000000,0x00000000,0x00000000,0x00000000,
    0x00000000,0x00000000,0x00000000,0x00000000,0x00000000,0x00000000,0x00000000,
    0x00000000,0x00000000,0x00000000,0x00000000,0x00000000,0x00000000,0x00000000,
    0x00000000,0x00000000,0x00000000,0x00000000,0x00000000,0x00000000,0x00000000,
    0x00000000,0x00000000,0x00000000,0x00000000,0x00000000,0x00000000,0x00000000,
    0x00000000,0x00000000,0x00000000,0x00000000,0x00000000,0x00000000,0x00000000,
    0x00000000,0x00000000,0x00000000,0x00000000,0x00000000,0x00000000,0x00000000,
    0x00000000,0x00000000,0x00000000,0x00000000,0x00000000,0x00000000,0x00000000,
    0x00000000,0x00000000,0x00000000,0x00000000,0x00000000,0x00000000,0x00000000,
    0x00000000,0x02FFFFFF,0xE5FFFFFF,0xFFFFFFFF,0xFFFFFFFF,0xFFFFFFFF,0xFFFFFFFF,
    0xFFFFFFFF,0xFFFFFFFF,0xFFFFFFFF,0xFFFFFFFF,0x6EFFFFFF,0x00000000,0x00000000,
    0x00000000,0x00000000,0x00000000,0x00000000,0x00000000,0x00000000,0x00000000,
    0x00000000,0x00000000,0x00000000,0x00000000,0x00000000,0x00000000,0x00000000,
    0x00000000,0x00000000,0x00000000,0x00000000,0x00000000,0x00000000,0x00000000,
    0x00000000,0x00000000,0x00000000,0x00000000,0x00000000,0x00000000,0x00000000,
    0x00000000,0x00000000,0x00000000,0x00000000,0x00000000,0x00000000,0x00000000,
    0x00000000,0x00000000,0x00000000,0x00000000,0x00000000,0x00000000,0x00000000,
    0x00000000,0x00000000,0x00000000,0x00000000,0x00000000,0x00000000,0x00000000,
    0x00000000,0x00000000,0x00000000,0x00000000,0x00000000,0x00000000,0x00000000,
    0x00000000,0x00000000,0x00000000,0x00000000,0x00000000,0x00000000,0x00000000,
    0x00000000,0x00000000,0x00000000,0x00000000,0x00000000,0x00000000,0x00000000,
    0x00000000,0x00000000,0x00000000,0x00000000,0x00000000,0x00000000,0x00000000,
    0x00000000,0x00000000,0x00000000,0x00000000,0x00000000,0x00000000,0x00000000,
    0x00000000,0x00000000,0x00000000,0x00000000,0x00000000,0x00000000,0x00000000,
    0x00000000,0x00000000,0x00000000,0x00000000,0x00000000,0x00000000,0x00000000,
    0x00000000,0x00000000,0x00000000,0x00000000,0x00000000,0x00000000,0x00000000,
    0x00000000,0x00000000,0x00000000,0x00000000,0x00000000,0x00000000,0x00000000,
    0x00000000,0x00000000,0x00000000,0x00000000,0x00000000,0x00000000,0x00000000,
    0x00000000,0x00000000,0x00000000,0x00000000,0x00000000,0x00000000,0x00000000,
    0x00000000,0x00000000,0x00000000,0x00000000,0x00000000,0x00000000,0x00000000,
    0x00000000,0x00000000,0x00000000,0x00000000,0x00000000,0x00000000,0x00000000,
    0x00000000,0x00000000,0x00000000,0x00000000,0x00000000,0x00000000,0x00000000,
    0x00000000,0x00000000,0x00000000,0x00000000,0x00000000,0x00000000,0x00000000,
    0x00000000,0x00000000,0x00000000,0x00000000,0x00000000,0x00000000,0x00000000,
    0x00000000,0x00000000,0x00000000,0x00000000,0x00000000,0x00000000,0x00000000,
    0x00000000,0x00000000,0x00000000,0x00000000,0x00000000,0x00000000,0x00000000,
    0x00000000,0x00000000,0x00000000,0x00000000,0x00000000,0x00000000,0x00000000,
    0x00000000,0x00000000,0x00000000,0x00000000,0x00000000,0x00000000,0x90FFFFFF,
    0xFFFFFFFF,0xFFFFFFFF,0xFFFFFFFF,0xFFFFFFFF,0xFFFFFFFF,0xFFFFFFFF,0xFFFFFFFF,
    0x87FFFFFF,0x00000000,0x00000000,0x00000000,0x00000000,0x00000000,0x00000000,
    0x00000000,0x00000000,0x00000000,0x00000000,0x00000000,0x00000000,0x00000000,
    0x00000000,0x00000000,0x00000000,0x00000000,0x00000000,0x00000000,0x00000000,
    0x00000000,0x00000000,0x00000000,0x00000000,0x00000000,0x00000000,0x00000000,
    0x00000000,0x00000000,0x00000000,0x00000000,0x00000000,0x00000000,0x00000000,
    0x00000000,0x00000000,0x00000000,0x00000000,0x00000000,0x00000000,0x00000000,
    0x00000000,0x00000000,0x00000000,0x00000000,0x00000000,0x00000000,0x00000000,
    0x00000000,0x00000000,0x00000000,0x00000000,0x00000000,0x00000000,0x00000000,
    0x00000000,0x00000000,0x00000000,0x00000000,0x00000000,0x00000000,0x00000000,
    0x00000000,0x00000000,0x00000000,0x00000000,0x00000000,0x00000000,0x00000000,
    0x00000000,0x00000000,0x00000000,0x00000000,0x00000000,0x00000000,0x00000000,
    0x00000000,0x00000000,0x00000000,0x00000000,0x00000000,0x00000000,0x00000000,
    0x00000000,0x00000000,0x00000000,0x00000000,0x00000000,0x00000000,0x00000000,
    0x00000000,0x00000000,0x00000000,0x00000000,0x00000000,0x00000000,0x00000000,
    0x00000000,0x00000000,0x00000000,0x00000000,0x00000000,0x00000000,0x00000000,
    0x00000000,0x00000000,0x00000000,0x00000000,0x00000000,0x00000000,0x00000000,
    0x00000000,0x00000000,0x00000000,0x00000000,0x00000000,0x00000000,0x00000000,
    0x00000000,0x00000000,0x00000000,0x00000000,0x00000000,0x00000000,0x00000000,
    0x00000000,0x00000000,0x00000000,0x00000000,0x00000000,0x00000000,0x00000000,
    0x00000000,0x00000000,0x00000000,0x00000000,0x00000000,0x00000000,0x00000000,
    0x00000000,0x00000000,0x00000000,0x00000000,0x00000000,0x00000000,0x00000000,
    0x00000000,0x00000000,0x00000000,0x00000000,0x00000000,0x00000000,0x00000000,
    0x00000000,0x00000000,0x00000000,0x00000000,0x00000000,0x00000000,0x00000000,
    0x00000000,0x00000000,0x00000000,0x00000000,0x00000000,0x00000000,0x00000000,
    0x00000000,0x00000000,0x00000000,0x00000000,0x00000000,0x00000000,0x00000000,
    0x00000000,0x00000000,0x00000000,0x00000000,0x00000000,0x00000000,0x00000000,
    0x00000000,0x00000000,0x00000000,0x00000000,0x00000000,0x00000000,0x00000000,
    0x00000000,0x00000000,0x00000000,0x35FFFFFF,0xFFFFFFFF,0xFFFFFFFF,0xFFFFFFFF,
    0xFFFFFFFF,0xFFFFFFFF,0xFFFFFFFF,0xA7FFFFFF,0x01FFFFFF,0x00000000,0x00000000,
    0x00000000,0x00000000,0x00000000,0x00000000,0x00000000,0x00000000,0x00000000,
    0x00000000,0x00000000,0x00000000,0x00000000,0x00000000,0x00000000,0x00000000,
    0x00000000,0x00000000,0x00000000,0x00000000,0x00000000,0x00000000,0x00000000,
    0x00000000,0x00000000,0x00000000,0x00000000,0x00000000,0x00000000,0x00000000,
    0x00000000,0x00000000,0x00000000,0x00000000,0x00000000,0x00000000,0x00000000,
    0x00000000,0x00000000,0x00000000,0x00000000,0x00000000,0x00000000,0x00000000,
    0x00000000,0x00000000,0x00000000,0x00000000,0x00000000,0x00000000,0x00000000,
    0x00000000,0x00000000,0x00000000,0x00000000,0x00000000,0x00000000,0x00000000,
    0x00000000,0x00000000,0x00000000,0x00000000,0x00000000,0x00000000,0x00000000,
    0x00000000,0x00000000,0x00000000,0x00000000,0x00000000,0x00000000,0x00000000,
    0x00000000,0x00000000,0x00000000,0x00000000,0x00000000,0x00000000,0x00000000,
    0x00000000,0x00000000,0x00000000,0x00000000,0x00000000,0x00000000,0x00000000,
    0x00000000,0x00000000,0x00000000,0x00000000,0x00000000,0x00000000,0x00000000,
    0x00000000,0x00000000,0x00000000,0x00000000,0x00000000,0x00000000,0x00000000,
    0x00000000,0x00000000,0x00000000,0x00000000,0x00000000,0x00000000,0x00000000,
    0x00000000,0x00000000,0x00000000,0x00000000,0x00000000,0x00000000,0x00000000,
    0x00000000,0x00000000,0x00000000,0x00000000,0x00000000,0x00000000,0x00000000,
    0x00000000,0x00000000,0x00000000,0x00000000,0x00000000,0x00000000,0x00000000,
    0x00000000,0x00000000,0x00000000,0x00000000,0x00000000,0x00000000,0x00000000,
    0x00000000,0x00000000,0x00000000,0x00000000,0x00000000,0x00000000,0x00000000,
    0x00000000,0x00000000,0x00000000,0x00000000,0x00000000,0x00000000,0x00000000,
    0x00000000,0x00000000,0x00000000,0x00000000,0x00000000,0x00000000,0x00000000,
    0x00000000,0x00000000,0x00000000,0x00000000,0x00000000,0x00000000,0x00000000,
    0x00000000,0x00000000,0x00000000,0x00000000,0x00000000,0x00000000,0x00000000,
    0x00000000,0x00000000,0x00000000,0x00000000,0x00000000,0x00000000,0x00000000,
    0x00000000,0x00000000,0x00000000,0x00000000,0x00000000,0x00000000,0x00000000,
    0x00000000,0x00000000,0x00000000,0x00000000,0x00000000,0x00000000,0x00000000,
    0x00000000,0xD9FFFFFF,0xFFFFFFFF,0xFFFFFFFF,0xFFFFFFFF,0xFFFFFFFF,0xBFFFFFFF,
    0x07FFFFFF,0x00000000,0x00000000,0x00000000,0x00000000,0x00000000,0x00000000,
    0x00000000,0x00000000,0x00000000,0x00000000,0x00000000,0x00000000,0x00000000,
    0x00000000,0x00000000,0x00000000,0x00000000,0x00000000,0x00000000,0x00000000,
    0x00000000,0x00000000,0x00000000,0x00000000,0x00000000,0x00000000,0x00000000,
    0x00000000,0x00000000,0x00000000,0x00000000,0x00000000,0x00000000,0x00000000,
    0x00000000,0x00000000,0x00000000,0x00000000,0x00000000,0x00000000,0x00000000,
    0x00000000,0x00000000,0x00000000,0x00000000,0x00000000,0x00000000,0x00000000,
    0x00000000,0x00000000,0x00000000,0x00000000,0x00000000,0x00000000,0x00000000,
    0x00000000,0x00000000,0x00000000,0x00000000,0x00000000,0x00000000,0x00000000,
    0x00000000,0x00000000,0x00000000,0x00000000,0x00000000,0x00000000,0x00000000,
    0x00000000,0x00000000,0x00000000,0x00000000,0x00000000,0x00000000,0x00000000,
    0x00000000,0x00000000,0x00000000,0x00000000,0x00000000,0x00000000,0x00000000,
    0x00000000,0x00000000,0x00000000,0x00000000,0x00000000,0x00000000,0x00000000,
    0x00000000,0x00000000,0x00000000,0x00000000,0x00000000,0x00000000,0x00000000,
    0x00000000,0x00000000,0x00000000,0x00000000,0x00000000,0x00000000,0x00000000,
    0x00000000,0x00000000,0x00000000,0x00000000,0x00000000,0x00000000,0x00000000,
    0x00000000,0x00000000,0x00000000,0x00000000,0x00000000,0x00000000,0x00000000,
    0x00000000,0x00000000,0x00000000,0x00000000,0x00000000,0x00000000,0x00000000,
    0x00000000,0x00000000,0x00000000,0x00000000,0x00000000,0x00000000,0x00000000,
    0x00000000,0x00000000,0x00000000,0x00000000,0x00000000,0x00000000,0x00000000,
    0x00000000,0x00000000,0x00000000,0x00000000,0x00000000,0x00000000,0x00000000,
    0x00000000,0x00000000,0x00000000,0x00000000,0x00000000,0x00000000,0x00000000,
    0x00000000,0x00000000,0x00000000,0x00000000,0x00000000,0x00000000,0x00000000,
    0x00000000,0x00000000,0x00000000,0x00000000,0x00000000,0x00000000,0x00000000,
    0x00000000,0x00000000,0x00000000,0x00000000,0x00000000,0x00000000,0x00000000,
    0x00000000,0x00000000,0x00000000,0x00000000,0x00000000,0x00000000,0x00000000,
    0x00000000,0x00000000,0x00000000,0x00000000,0x00000000,0x00000000,0x00000000,
    0x00000000,0x00000000,0x00000000,0x00000000,0x00000000,0x80FFFFFF,0xFFFFFFFF,
    0xFFFFFFFF,0xFFFFFFFF,0xD3FFFFFF,0x10FFFFFF,0x00000000,0x00000000,0x00000000,
    0x00000000,0x00000000,0x00000000,0x00000000,0x00000000,0x00000000,0x00000000,
    0x00000000,0x00000000,0x00000000,0x00000000,0x00000000,0x00000000,0x00000000,
    0x00000000,0x00000000,0x00000000,0x00000000,0x00000000,0x00000000,0x00000000,
    0x00000000,0x00000000,0x00000000,0x00000000,0x00000000,0x00000000,0x00000000,
    0x00000000,0x00000000,0x00000000,0x00000000,0x00000000,0x00000000,0x00000000,
    0x00000000,0x00000000,0x00000000,0x00000000,0x00000000,0x00000000,0x00000000,
    0x00000000,0x00000000,0x00000000,0x00000000,0x00000000,0x00000000,0x00000000,
    0x00000000,0x00000000,0x00000000,0x00000000,0x00000000,0x00000000,0x00000000,
    0x00000000,0x00000000,0x00000000,0x00000000,0x00000000,0x00000000,0x00000000,
    0x00000000,0x00000000,0x00000000,0x00000000,0x00000000,0x00000000,0x00000000,
    0x00000000,0x00000000,0x00000000,0x00000000,0x00000000,0x00000000,0x00000000,
    0x00000000,0x00000000,0x00000000,0x00000000,0x00000000,0x00000000,0x00000000,
    0x00000000,0x00000000,0x00000000,0x00000000,0x00000000,0x00000000,0x00000000,
    0x00000000,0x00000000,0x00000000,0x00000000,0x00000000,0x00000000,0x00000000,
    0x00000000,0x00000000,0x00000000,0x00000000,0x00000000,0x00000000,0x00000000,
    0x00000000,0x00000000,0x00000000,0x00000000,0x00000000,0x00000000,0x00000000,
    0x00000000,0x00000000,0x00000000,0x00000000,0x00000000,0x00000000,0x00000000,
    0x00000000,0x00000000,0x00000000,0x00000000,0x00000000,0x00000000,0x00000000,
    0x00000000,0x00000000,0x00000000,0x00000000,0x00000000,0x00000000,0x00000000,
    0x00000000,0x00000000,0x00000000,0x00000000,0x00000000,0x00000000,0x00000000,
    0x00000000,0x00000000,0x00000000,0x00000000,0x00000000,0x00000000,0x00000000,
    0x00000000,0x00000000,0x00000000,0x00000000,0x00000000,0x00000000,0x00000000,
    0x00000000,0x00000000,0x00000000,0x00000000,0x00000000,0x00000000,0x00000000,
    0x00000000,0x00000000,0x00000000,0x00000000,0x00000000,0x00000000,0x00000000,
    0x00000000,0x00000000,0x00000000,0x00000000,0x00000000,0x00000000,0x00000000,
    0x00000000,0x00000000,0x00000000,0x00000000,0x00000000,0x00000000,0x00000000,
    0x00000000,0x00000000,0x00000000,0x00000000,0x00000000,0x00000000,0x00000000,
    0x00000000,0x00000000,0x24FFFFFF,0xFEFFFFFF,0xFFFFFFFF,0xE4FFFFFF,0x1DFFFFFF,
    0x00000000,0x00000000,0x00000000,0x00000000,0x00000000,0x00000000,0x00000000,
    0x00000000,0x00000000,0x00000000,0x00000000,0x00000000,0x00000000,0x00000000,
    0x00000000,0x00000000,0x00000000,0x00000000,0x00000000,0x00000000,0x00000000,
    0x00000000,0x00000000,0x00000000,0x00000000,0x00000000,0x00000000,0x00000000,
    0x00000000,0x00000000,0x00000000,0x00000000,0x00000000,0x00000000,0x00000000,
    0x00000000,0x00000000,0x00000000,0x00000000,0x00000000,0x00000000,0x00000000,
    0x00000000,0x00000000,0x00000000,0x00000000,0x00000000,0x00000000,0x00000000,
    0x00000000,0x00000000,0x00000000,0x00000000,0x00000000,0x00000000,0x00000000,
    0x00000000,0x00000000,0x00000000,0x00000000,0x00000000,0x00000000,0x00000000,
    0x00000000,0x00000000,0x00000000,0x00000000,0x00000000,0x00000000,0x00000000,
    0x00000000,0x00000000,0x00000000,0x00000000,0x00000000,0x00000000,0x00000000,
    0x00000000,0x00000000,0x00000000,0x00000000,0x00000000,0x00000000,0x00000000,
    0x00000000,0x00000000,0x00000000,0x00000000,0x00000000,0x00000000,0x00000000,
    0x00000000,0x00000000,0x00000000,0x00000000,0x00000000,0x00000000,0x00000000,
    0x00000000,0x00000000,0x00000000,0x00000000,0x00000000,0x00000000,0x00000000,
    0x00000000,0x00000000,0x00000000,0x00000000,0x00000000,0x00000000,0x00000000,
    0x00000000,0x00000000,0x00000000,0x00000000,0x00000000,0x00000000,0x00000000,
    0x00000000,0x00000000,0x00000000,0x00000000,0x00000000,0x00000000,0x00000000,
    0x00000000,0x00000000,0x00000000,0x00000000,0x00000000,0x00000000,0x00000000,
    0x00000000,0x00000000,0x00000000,0x00000000,0x00000000,0x00000000,0x00000000,
    0x00000000,0x00000000,0x00000000,0x00000000,0x00000000,0x00000000,0x00000000,
    0x00000000,0x00000000,0x00000000,0x00000000,0x00000000,0x00000000,0x00000000,
    0x00000000,0x00000000,0x00000000,0x00000000,0x00000000,0x00000000,0x00000000,
    0x00000000,0x00000000,0x00000000,0x00000000,0x00000000,0x00000000,0x00000000,
    0x00000000,0x00000000,0x00000000,0x00000000,0x00000000,0x00000000,0x00000000,
    0x00000000,0x00000000,0x00000000,0x00000000,0x00000000,0x00000000,0x00000000,
    0x00000000,0x00000000,0x00000000,0x00000000,0x00000000,0x00000000,0x00000000,
    0x00000000,0x00000000,0x00000000,0x00000000,0x00000000,0x00000000,0x00000000,
    0xCAFFFFFF,0xF0FFFFFF,0x2EFFFFFF,0x00000000,0x00000000,0x00000000,0x00000000,
    0x00000000,0x00000000,0x00000000,0x00000000,0x00000000,0x00000000,0x00000000,
    0x00000000,0x00000000,0x00000000,0x00000000,0x00000000,0x00000000,0x00000000,
    0x00000000,0x00000000,0x00000000,0x00000000,0x00000000,0x00000000,0x00000000,
    0x00000000,0x00000000,0x00000000,0x00000000,0x00000000,0x00000000,0x00000000,
    0x00000000,0x00000000,0x00000000,0x00000000,0x00000000,0x00000000,0x00000000,
    0x00000000,0x00000000,0x00000000,0x00000000,0x00000000,0x00000000,0x00000000,
    0x00000000,0x00000000,0x00000000,0x00000000,0x00000000,0x00000000,0x00000000,
    0x00000000,0x00000000,0x00000000,0x00000000,0x00000000,0x00000000,0x00000000,
    0x00000000,0x00000000,0x00000000,0x00000000,0x00000000,0x00000000,0x00000000,
    0x00000000,0x00000000,0x00000000,0x00000000,0x00000000,0x00000000,0x00000000,
    0x00000000,0x00000000,0x00000000,0x00000000,0x00000000,0x00000000,0x00000000,
    0x00000000,0x00000000,0x00000000,0x00000000,0x00000000,0x00000000,0x00000000,
    0x00000000,0x00000000,0x00000000,0x00000000,0x00000000,0x00000000,0x00000000,
    0x00000000,0x00000000,0x00000000,0x00000000,0x00000000,0x00000000,0x00000000,
    0x00000000,0x00000000,0x00000000,0x00000000,0x00000000,0x00000000,0x00000000,
    0x00000000,0x00000000,0x00000000,0x00000000,0x00000000,0x00000000,0x00000000,
    0x00000000,0x00000000,0x00000000,0x00000000,0x00000000,0x00000000,0x00000000,
    0x00000000,0x00000000,0x00000000,0x00000000,0x00000000,0x00000000,0x00000000,
    0x00000000,0x00000000,0x00000000,0x00000000,0x00000000,0x00000000,0x00000000,
    0x00000000,0x00000000,0x00000000,0x00000000,0x00000000,0x00000000,0x00000000,
    0x00000000,0x00000000,0x00000000,0x00000000,0x00000000,0x00000000,0x00000000,
    0x00000000,0x00000000,0x00000000,0x00000000,0x00000000,0x00000000,0x00000000,
    0x00000000,0x00000000,0x00000000,0x00000000,0x00000000,0x00000000,0x00000000,
    0x00000000,0x00000000,0x00000000,0x00000000,0x00000000,0x00000000,0x00000000,
    0x00000000,0x00000000,0x00000000,0x00000000,0x00000000,0x00000000,0x00000000,
    0x00000000,0x00000000,0x00000000,0x00000000,0x00000000,0x00000000,0x00000000,
    0x00000000,0x00000000,0x00000000,0x00000000,0x00000000,0x00000000,0x00000000,
    0x00000000,0x00000000,0x00000000,0x00000000,0x68FFFFFF,0x3FFFFFFF,0x00000000,
    0x00000000,0x00000000,0x00000000,0x00000000,0x00000000,0x00000000,0x00000000,
    0x00000000,0x00000000,0x00000000,0x00000000,0x00000000,0x00000000,0x00000000,
    0x00000000,0x00000000,0x00000000,0x00000000,0x00000000,0x00000000,0x00000000,
    0x00000000,0x00000000,0x00000000,0x00000000,0x00000000,0x00000000,0x00000000,
    0x00000000,0x00000000,0x00000000,0x00000000,0x00000000,0x00000000,0x00000000,
    0x00000000,0x00000000,0x00000000,0x00000000,0x00000000,0x00000000,0x00000000,
    0x00000000,0x00000000,0x00000000,0x00000000,0x00000000,0x00000000,0x00000000,
    0x00000000,0x00000000,0x00000000,0x00000000,0x00000000,0x00000000,0x00000000,
    0x00000000,0x00000000,0x00000000,0x00000000,0x00000000,0x00000000,0x00000000,
    0x00000000,0x00000000,0x00000000,0x00000000,0x00000000,0x00000000,0x00000000,
    0x00000000,0x00000000,0x00000000,0x00000000,0x00000000,0x00000000,0x00000000,
    0x00000000,0x00000000,0x00000000,0x00000000,0x00000000,0x00000000,0x00000000,
    0x00000000,0x00000000,0x00000000,0x00000000,0x00000000,0x00000000,0x00000000,
    0x00000000,0x00000000,0x00000000,0x00000000,0x00000000,0x00000000,0x00000000,
    0x00000000,0x00000000,0x00000000,0x00000000,0x00000000,0x00000000,0x00000000,
    0x00000000,0x00000000,0x00000000,0x00000000,0x00000000,0x00000000,0x00000000,
    0x00000000,0x00000000,0x00000000,0x00000000,0x00000000,0x00000000,0x00000000,
    0x00000000,0x00000000,0x00000000,0x00000000,0x00000000,0x00000000,0x00000000,
    0x00000000,0x00000000,0x00000000,0x00000000,0x00000000,0x00000000,0x00000000,
    0x00000000,0x00000000,0x00000000,0x00000000,0x00000000,0x00000000,0x00000000,
    0x00000000,0x00000000,0x00000000,0x00000000,0x00000000,0x00000000,0x00000000,
    0x00000000,0x00000000,0x00000000,0x00000000,0x00000000,0x00000000,0x00000000,
    0x00000000,0x00000000,0x00000000,0x00000000,0x00000000,0x00000000,0x00000000,
    0x00000000,0x00000000,0x00000000,0x00000000,0x00000000,0x00000000,0x00000000,
    0x03FFFFFF,0x11FFFFFF,0x1CFFFFFF,0x25FFFFFF,0x33FFFFFF,0x3EFFFFFF,0x46FFFFFF,
    0x55FFFFFF,0x5FFFFFFF,0x68FFFFFF,0x77FFFFFF,0x81FFFFFF,0x88FFFFFF,0x88FFFFFF,
    0x88FFFFFF,0x88FFFFFF,0x96FFFFFF,0x99FFFFFF,0x99FFFFFF,0x99FFFFFF,0x9AFFFFFF,
    0xAAFFFFFF,0xAAFFFFFF,0xAAFFFFFF,0xAAFFFFFF,0xAEFFFFFF,0xBBFFFFFF,0xBBFFFFFF,
    0xBBFFFFFF,0xBBFFFFFF,0xBBFFFFFF,0xBBFFFFFF,0xBBFFFFFF,0xBBFFFFFF,0xBBFFFFFF,
    0xADFFFFFF,0xAAFFFFFF,0xAAFFFFFF,0xAAFFFFFF,0xA9FFFFFF,0x99FFFFFF,0x99FFFFFF,
    0x99FFFFFF,0x99FFFFFF,0x94FFFFFF,0x88FFFFFF,0x88FFFFFF,0x88FFFFFF,0x88FFFFFF,
    0x7FFFFFFF,0x77FFFFFF,0x66FFFFFF,0x5EFFFFFF,0x55FFFFFF,0x44FFFFFF,0x3CFFFFFF,
    0x33FFFFFF,0x23FFFFFF,0x1AFFFFFF,0x11FFFFFF,0x01FFFFFF,0x00000000,0x00000000,
    0x00000000,0x00000000,0x00000000,0x00000000,0x00000000,0x00000000,0x00000000,
    0x00000000,0x00000000,0x00000000,0x00000000,0x00000000,0x00000000,0x00000000,
    0x00000000,0x00000000,0x00000000,0x00000000,0x00000000,0x00000000,0x00000000,
    0x00000000,0x00000000,0x00000000,0x00000000,0x00000000,0x00000000,0x00000000,
    0x00000000,0x00000000,0x00000000,0x00000000,0x00000000,0x00000000,0x00000000,
    0x00000000,0x00000000,0x00000000,0x00000000,0x00000000,0x00000000,0x00000000,
    0x00000000,0x00000000,0x00000000,0x00000000,0x00000000,0x00000000,0x00000000,
    0x00000000,0x00000000,0x00000000,0x00000000,0x00000000,0x00000000,0x00000000,
    0x00000000,0x00000000,0x00000000,0x00000000,0x00000000,0x00000000,0x00000000,
    0x00000000,0x00000000,0x00000000,0x00000000,0x00000000,0x00000000,0x00000000,
    0x00000000,0x00000000,0x00000000,0x00000000,0x00000000,0x00000000,0x00000000,
    0x00000000,0x00000000,0x00000000,0x00000000,0x00000000,0x00000000,0x00000000,
    0x00000000,0x00000000,0x00000000,0x00000000,0x00000000,0x00000000,0x00000000,
    0x00000000,0x00000000,0x00000000,0x00000000,0x00000000,0x00000000,0x00000000,
    0x00000000,0x00000000,0x00000000,0x00000000,0x00000000,0x00000000,0x00000000,
    0x00000000,0x00000000,0x00000000,0x00000000,0x00000000,0x00000000,0x00000000,
    0x00000000,0x00000000,0x00000000,0x00000000,0x00000000,0x00000000,0x00000000,
    0x00000000,0x00000000,0x04FFFFFF,0x17FFFFFF,0x2AFFFFFF,0x3EFFFFFF,0x51FFFFFF,
    0x65FFFFFF,0x7AFFFFFF,0x8DFFFFFF,0xA0FFFFFF,0xB4FFFFFF,0xBFFFFFFF,0xCCFFFFFF,
    0xD8FFFFFF,0xE1FFFFFF,0xEEFFFFFF,0xFAFFFFFF,0xFFFFFFFF,0xFFFFFFFF,0xFFFFFFFF,
    0xFFFFFFFF,0xFFFFFFFF,0xFFFFFFFF,0xFFFFFFFF,0xFFFFFFFF,0xFFFFFFFF,0xFFFFFFFF,
    0xFFFFFFFF,0xFFFFFFFF,0xFFFFFFFF,0xFFFFFFFF,0xFFFFFFFF,0xFFFFFFFF,0xFFFFFFFF,
    0xFFFFFFFF,0xFFFFFFFF,0xFFFFFFFF,0xFFFFFFFF,0xFFFFFFFF,0xFFFFFFFF,0xFFFFFFFF,
    0xFFFFFFFF,0xFFFFFFFF,0xFFFFFFFF,0xFFFFFFFF,0xFFFFFFFF,0xFFFFFFFF,0xFFFFFFFF,
    0xFFFFFFFF,0xFFFFFFFF,0xFFFFFFFF,0xFFFFFFFF,0xFFFFFFFF,0xFFFFFFFF,0xFFFFFFFF,
    0xFFFFFFFF,0xFFFFFFFF,0xFFFFFFFF,0xFFFFFFFF,0xFFFFFFFF,0xFFFFFFFF,0xFFFFFFFF,
    0xFFFFFFFF,0xFFFFFFFF,0xFFFFFFFF,0xFFFFFFFF,0xFFFFFFFF,0xFFFFFFFF,0xFFFFFFFF,
    0xFFFFFFFF,0xFFFFFFFF,0xFFFFFFFF,0xFFFFFFFF,0xFFFFFFFF,0xFFFFFFFF,0xFFFFFFFF,
    0xFFFFFFFF,0xFFFFFFFF,0xF8FFFFFF,0xEEFFFFFF,0xDFFFFFFF,0xD6FFFFFF,0xCCFFFFFF,
    0xBDFFFFFF,0xB2FFFFFF,0x9EFFFFFF,0x8BFFFFFF,0x76FFFFFF,0x62FFFFFF,0x4FFFFFFF,
    0x3CFFFFFF,0x28FFFFFF,0x15FFFFFF,0x02FFFFFF,0x00000000,0x00000000,0x00000000,
    0x00000000,0x00000000,0x00000000,0x00000000,0x00000000,0x00000000,0x00000000,
    0x00000000,0x00000000,0x00000000,0x00000000,0x00000000,0x00000000,0x00000000,
    0x00000000,0x00000000,0x00000000,0x00000000,0x00000000,0x00000000,0x00000000,
    0x00000000,0x00000000,0x00000000,0x00000000,0x00000000,0x00000000,0x00000000,
    0x00000000,0x00000000,0x00000000,0x00000000,0x00000000,0x00000000,0x00000000,
    0x00000000,0x00000000,0x00000000,0x00000000,0x00000000,0x00000000,0x00000000,
    0x00000000,0x00000000,0x00000000,0x00000000,0x00000000,0x00000000,0x00000000,
    0x00000000,0x00000000,0x00000000,0x00000000,0x00000000,0x00000000,0x00000000,
    0x00000000,0x00000000,0x00000000,0x00000000,0x00000000,0x00000000,0x00000000,
    0x00000000,0x00000000,0x00000000,0x00000000,0x00000000,0x00000000,0x00000000,
    0x00000000,0x00000000,0x00000000,0x00000000,0x00000000,0x00000000,0x00000000,
    0x00000000,0x00000000,0x00000000,0x00000000,0x00000000,0x00000000,0x00000000,
    0x00000000,0x00000000,0x00000000,0x00000000,0x00000000,0x00000000,0x00000000,
    0x00000000,0x00000000,0x0BFFFFFF,0x28FFFFFF,0x41FFFFFF,0x5DFFFFFF,0x77FFFFFF,
    0x8DFFFFFF,0xA0FFFFFF,0xB4FFFFFF,0xC7FFFFFF,0xDAFFFFFF,0xEFFFFFFF,0xFFFFFFFF,
    0xFFFFFFFF,0xFFFFFFFF,0xFFFFFFFF,0xFFFFFFFF,0xFFFFFFFF,0xFFFFFFFF,0xFFFFFFFF,
    0xFFFFFFFF,0xFFFFFFFF,0xFFFFFFFF,0xFFFFFFFF,0xFFFFFFFF,0xFFFFFFFF,0xFFFFFFFF,
    0xFFFFFFFF,0xFFFFFFFF,0xFFFFFFFF,0xFFFFFFFF,0xFFFFFFFF,0xFFFFFFFF,0xFFFFFFFF,
    0xFFFFFFFF,0xFFFFFFFF,0xFFFFFFFF,0xFFFFFFFF,0xFFFFFFFF,0xFFFFFFFF,0xFFFFFFFF,
    0xFFFFFFFF,0xFFFFFFFF,0xFFFFFFFF,0xFFFFFFFF,0xFFFFFFFF,0xFFFFFFFF,0xFFFFFFFF,
    0xFFFFFFFF,0xFFFFFFFF,0xFFFFFFFF,0xFFFFFFFF,0xFFFFFFFF,0xFFFFFFFF,0xFFFFFFFF,
    0xFFFFFFFF,0xFFFFFFFF,0xFFFFFFFF,0xFFFFFFFF,0xFFFFFFFF,0xFFFFFFFF,0xFFFFFFFF,
    0xFFFFFFFF,0xFFFFFFFF,0xFFFFFFFF,0xFFFFFFFF,0xFFFFFFFF,0xFFFFFFFF,0xFFFFFFFF,
    0xFFFFFFFF,0xFFFFFFFF,0xFFFFFFFF,0xFFFFFFFF,0xFFFFFFFF,0xFFFFFFFF,0xFFFFFFFF,
    0xFFFFFFFF,0xFFFFFFFF,0xFFFFFFFF,0xFFFFFFFF,0xFFFFFFFF,0xFFFFFFFF,0xFFFFFFFF,
    0xFFFFFFFF,0xFFFFFFFF,0xFFFFFFFF,0xFFFFFFFF,0xFFFFFFFF,0xFFFFFFFF,0xFFFFFFFF,
    0xFFFFFFFF,0xFFFFFFFF,0xFFFFFFFF,0xFFFFFFFF,0xFFFFFFFF,0xFFFFFFFF,0xFFFFFFFF,
    0xFFFFFFFF,0xFFFFFFFF,0xFFFFFFFF,0xFFFFFFFF,0xFFFFFFFF,0xFFFFFFFF,0xFFFFFFFF,
    0xFFFFFFFF,0xEBFFFFFF,0xD8FFFFFF,0xC5FFFFFF,0xB2FFFFFF,0x9EFFFFFF,0x8BFFFFFF,
    0x73FFFFFF,0x5BFFFFFF,0x3DFFFFFF,0x24FFFFFF,0x09FFFFFF,0x00000000,0x00000000,
    0x00000000,0x00000000,0x00000000,0x00000000,0x00000000,0x00000000,0x00000000,
    0x00000000,0x00000000,0x00000000,0x00000000,0x00000000,0x00000000,0x00000000,
    0x00000000,0x00000000,0x00000000,0x00000000,0x00000000,0x00000000,0x00000000,
    0x00000000,0x00000000,0x00000000,0x00000000,0x00000000,0x00000000,0x00000000,
    0x00000000,0x00000000,0x00000000,0x00000000,0x00000000,0x00000000,0x00000000,
    0x00000000,0x00000000,0x00000000,0x00000000,0x00000000,0x00000000,0x00000000,
    0x00000000,0x00000000,0x00000000,0x00000000,0x00000000,0x00000000,0x00000000,
    0x00000000,0x00000000,0x00000000,0x00000000,0x00000000,0x00000000,0x00000000,
    0x00000000,0x00000000,0x00000000,0x00000000,0x00000000,0x00000000,0x00000000,
    0x00000000,0x00000000,0x00000000,0x00000000,0x00000000,0x00000000,0x00000000,
    0x00000000,0x00000000,0x00000000,0x00000000,0x00000000,0x16FFFFFF,0x37FFFFFF,
    0x58FFFFFF,0x79FFFFFF,0x9AFFFFFF,0xB9FFFFFF,0xD5FFFFFF,0xF0FFFFFF,0xFFFFFFFF,
    0xFFFFFFFF,0xFFFFFFFF,0xFFFFFFFF,0xFFFFFFFF,0xFFFFFFFF,0xFFFFFFFF,0xFFFFFFFF,
    0xFFFFFFFF,0xFFFFFFFF,0xFFFFFFFF,0xFFFFFFFF,0xFFFFFFFF,0xFFFFFFFF,0xFFFFFFFF,
    0xFFFFFFFF,0xFFFFFFFF,0xFFFFFFFF,0xFFFFFFFF,0xFFFFFFFF,0xFFFFFFFF,0xFFFFFFFF,
    0xFFFFFFFF,0xFFFFFFFF,0xFFFFFFFF,0xFFFFFFFF,0xFFFFFFFF,0xFFFFFFFF,0xFFFFFFFF,
    0xFFFFFFFF,0xFFFFFFFF,0xFFFFFFFF,0xFFFFFFFF,0xFFFFFFFF,0xFFFFFFFF,0xFFFFFFFF,
    0xFFFFFFFF,0xFFFFFFFF,0xFFFFFFFF,0xFFFFFFFF,0xFFFFFFFF,0xFFFFFFFF,0xFFFFFFFF,
    0xFFFFFFFF,0xFFFFFFFF,0xFFFFFFFF,0xFFFFFFFF,0xFFFFFFFF,0xFFFFFFFF,0xFFFFFFFF,
    0xFFFFFFFF,0xFFFFFFFF,0xFFFFFFFF,0xFFFFFFFF,0xFFFFFFFF,0xFFFFFFFF,0xFFFFFFFF,
    0xFFFFFFFF,0xFFFFFFFF,0xFFFFFFFF,0xFFFFFFFF,0xFFFFFFFF,0xFFFFFFFF,0xFFFFFFFF,
    0xFFFFFFFF,0xFFFFFFFF,0xFFFFFFFF,0xFFFFFFFF,0xFFFFFFFF,0xFFFFFFFF,0xFFFFFFFF,
    0xFFFFFFFF,0xFFFFFFFF,0xFFFFFFFF,0xFFFFFFFF,0xFFFFFFFF,0xFFFFFFFF,0xFFFFFFFF,
    0xFFFFFFFF,0xFFFFFFFF,0xFFFFFFFF,0xFFFFFFFF,0xFFFFFFFF,0xFFFFFFFF,0xFFFFFFFF,
    0xFFFFFFFF,0xFFFFFFFF,0xFFFFFFFF,0xFFFFFFFF,0xFFFFFFFF,0xFFFFFFFF,0xFFFFFFFF,
    0xFFFFFFFF,0xFFFFFFFF,0xFFFFFFFF,0xFFFFFFFF,0xFFFFFFFF,0xFFFFFFFF,0xFFFFFFFF,
    0xFFFFFFFF,0xFFFFFFFF,0xFFFFFFFF,0xFFFFFFFF,0xFFFFFFFF,0xFFFFFFFF,0xFFFFFFFF,
    0xFFFFFFFF,0xFFFFFFFF,0xFFFFFFFF,0xFFFFFFFF,0xFFFFFFFF,0xFFFFFFFF,0xFFFFFFFF,
    0xFFFFFFFF,0xFFFFFFFF,0xECFFFFFF,0xD3FFFFFF,0xB5FFFFFF,0x96FFFFFF,0x75FFFFFF,
    0x54FFFFFF,0x33FFFFFF,0x12FFFFFF,0x00000000,0x00000000,0x00000000,0x00000000,
    0x00000000,0x00000000,0x00000000,0x00000000,0x00000000,0x00000000,0x00000000,
    0x00000000,0x00000000,0x00000000,0x00000000,0x00000000,0x00000000,0x00000000,
    0x00000000,0x00000000,0x00000000,0x00000000,0x00000000,0x00000000,0x00000000,
    0x00000000,0x00000000,0x00000000,0x00000000,0x00000000,0x00000000,0x00000000,
    0x00000000,0x00000000,0x00000000,0x00000000,0x00000000,0x00000000,0x00000000,
    0x00000000,0x00000000,0x00000000,0x00000000,0x00000000,0x00000000,0x00000000,
    0x00000000,0x00000000,0x00000000,0x00000000,0x00000000,0x00000000,0x00000000,
    0x00000000,0x00000000,0x00000000,0x00000000,0x00000000,0x00000000,0x00000000,
    0x00000000,0x00000000,0x0DFFFFFF,0x34FFFFFF,0x5BFFFFFF,0x83FFFFFF,0xAAFFFFFF,
    0xD1FFFFFF,0xF4FFFFFF,0xFFFFFFFF,0xFFFFFFFF,0xFFFFFFFF,0xFFFFFFFF,0xFFFFFFFF,
    0xFFFFFFFF,0xFFFFFFFF,0xFFFFFFFF,0xFFFFFFFF,0xFFFFFFFF,0xFFFFFFFF,0xFFFFFFFF,
    0xFFFFFFFF,0xFFFFFFFF,0xFFFFFFFF,0xFFFFFFFF,0xFFFFFFFF,0xFFFFFFFF,0xFFFFFFFF,
    0xFFFFFFFF,0xFFFFFFFF,0xFFFFFFFF,0xFFFFFFFF,0xFFFFFFFF,0xFFFFFFFF,0xFFFFFFFF,
    0xFFFFFFFF,0xFFFFFFFF,0xFFFFFFFF,0xFFFFFFFF,0xFFFFFFFF,0xFFFFFFFF,0xFFFFFFFF,
    0xFFFFFFFF,0xFFFFFFFF,0xFFFFFFFF,0xFFFFFFFF,0xFFFFFFFF,0xFFFFFFFF,0xFFFFFFFF,
    0xFFFFFFFF,0xFFFFFFFF,0xFFFFFFFF,0xFFFFFFFF,0xFFFFFFFF,0xFFFFFFFF,0xFFFFFFFF,
    0xFFFFFFFF,0xFFFFFFFF,0xFFFFFFFF,0xFFFFFFFF,0xFFFFFFFF,0xFFFFFFFF,0xFFFFFFFF,
    0xFFFFFFFF,0xFFFFFFFF,0xFFFFFFFF,0xFFFFFFFF,0xFFFFFFFF,0xFFFFFFFF,0xFFFFFFFF,
    0xFFFFFFFF,0xFFFFFFFF,0xFFFFFFFF,0xFFFFFFFF,0xFFFFFFFF,0xFFFFFFFF,0xFFFFFFFF,
    0xFFFFFFFF,0xFFFFFFFF,0xFFFFFFFF,0xFFFFFFFF,0xFFFFFFFF,0xFFFFFFFF,0xFFFFFFFF,
    0xFFFFFFFF,0xFFFFFFFF,0xFFFFFFFF,0xFFFFFFFF,0xFFFFFFFF,0xFFFFFFFF,0xFFFFFFFF,
    0xFFFFFFFF,0xFFFFFFFF,0xFFFFFFFF,0xFFFFFFFF,0xFFFFFFFF,0xFFFFFFFF,0xFFFFFFFF,
    0xFFFFFFFF,0xFFFFFFFF,0xFFFFFFFF,0xFFFFFFFF,0xFFFFFFFF,0xFFFFFFFF,0xFFFFFFFF,
    0xFFFFFFFF,0xFFFFFFFF,0xFFFFFFFF,0xFFFFFFFF,0xFFFFFFFF,0xFFFFFFFF,0xFFFFFFFF,
    0xFFFFFFFF,0xFFFFFFFF,0xFFFFFFFF,0xFFFFFFFF,0xFFFFFFFF,0xFFFFFFFF,0xFFFFFFFF,
    0xFFFFFFFF,0xFFFFFFFF,0xFFFFFFFF,0xFFFFFFFF,0xFFFFFFFF,0xFFFFFFFF,0xFFFFFFFF,
    0xFFFFFFFF,0xFFFFFFFF,0xFFFFFFFF,0xFFFFFFFF,0xFFFFFFFF,0xFFFFFFFF,0xFFFFFFFF,
    0xFFFFFFFF,0xFFFFFFFF,0xFFFFFFFF,0xFFFFFFFF,0xFFFFFFFF,0xFFFFFFFF,0xFFFFFFFF,
    0xF0FFFFFF,0xCDFFFFFF,0xA6FFFFFF,0x7EFFFFFF,0x56FFFFFF,0x30FFFFFF,0x09FFFFFF,
    0x00000000,0x00000000,0x00000000,0x00000000,0x00000000,0x00000000,0x00000000,
    0x00000000,0x00000000,0x00000000,0x00000000,0x00000000,0x00000000,0x00000000,
    0x00000000,0x00000000,0x00000000,0x00000000,0x00000000,0x00000000,0x00000000,
    0x00000000,0x00000000,0x00000000,0x00000000,0x00000000,0x00000000,0x00000000,
    0x00000000,0x00000000,0x00000000,0x00000000,0x00000000,0x00000000,0x00000000,
    0x00000000,0x00000000,0x00000000,0x00000000,0x00000000,0x00000000,0x00000000,
    0x00000000,0x00000000,0x00000000,0x00000000,0x00000000,0x00000000,0x00000000,
    0x00000000,0x22FFFFFF,0x52FFFFFF,0x82FFFFFF,0xB3FFFFFF,0xE2FFFFFF,0xFFFFFFFF,
    0xFFFFFFFF,0xFFFFFFFF,0xFFFFFFFF,0xFFFFFFFF,0xFFFFFFFF,0xFFFFFFFF,0xFFFFFFFF,
    0xFFFFFFFF,0xFFFFFFFF,0xFFFFFFFF,0xFFFFFFFF,0xFFFFFFFF,0xFFFFFFFF,0xFFFFFFFF,
    0xFFFFFFFF,0xFFFFFFFF,0xFFFFFFFF,0xFFFFFFFF,0xFFFFFFFF,0xFFFFFFFF,0xFFFFFFFF,
    0xFFFFFFFF,0xFFFFFFFF,0xFFFFFFFF,0xFFFFFFFF,0xFFFFFFFF,0xFFFFFFFF,0xFFFFFFFF,
    0xFFFFFFFF,0xFFFFFFFF,0xFFFFFFFF,0xFFFFFFFF,0xFFFFFFFF,0xFFFFFFFF,0xFFFFFFFF,
    0xFFFFFFFF,0xFFFFFFFF,0xFFFFFFFF,0xFFFFFFFF,0xFFFFFFFF,0xFFFFFFFF,0xFFFFFFFF,
    0xFFFFFFFF,0xFFFFFFFF,0xFFFFFFFF,0xFFFFFFFF,0xFFFFFFFF,0xFFFFFFFF,0xFFFFFFFF,
    0xFFFFFFFF,0xFFFFFFFF,0xFFFFFFFF,0xFFFFFFFF,0xFFFFFFFF,0xFFFFFFFF,0xFFFFFFFF,
    0xFFFFFFFF,0xFFFFFFFF,0xFFFFFFFF,0xFFFFFFFF,0xFFFFFFFF,0xFFFFFFFF,0xFFFFFFFF,
    0xFFFFFFFF,0xFFFFFFFF,0xFFFFFFFF,0xFFFFFFFF,0xFFFFFFFF,0xFFFFFFFF,0xFFFFFFFF,
    0xFFFFFFFF,0xFFFFFFFF,0xFFFFFFFF,0xFFFFFFFF,0xFFFFFFFF,0xFFFFFFFF,0xFFFFFFFF,
    0xFFFFFFFF,0xFFFFFFFF,0xFFFFFFFF,0xFFFFFFFF,0xFFFFFFFF,0xFFFFFFFF,0xFFFFFFFF,
    0xFFFFFFFF,0xFFFFFFFF,0xFFFFFFFF,0xFFFFFFFF,0xFFFFFFFF,0xFFFFFFFF,0xFFFFFFFF,
    0xFFFFFFFF,0xFFFFFFFF,0xFFFFFFFF,0xFFFFFFFF,0xFFFFFFFF,0xFFFFFFFF,0xFFFFFFFF,
    0xFFFFFFFF,0xFFFFFFFF,0xFFFFFFFF,0xFFFFFFFF,0xFFFFFFFF,0xFFFFFFFF,0xFFFFFFFF,
    0xFFFFFFFF,0xFFFFFFFF,0xFFFFFFFF,0xFFFFFFFF,0xFFFFFFFF,0xFFFFFFFF,0xFFFFFFFF,
    0xFFFFFFFF,0xFFFFFFFF,0xFFFFFFFF,0xFFFFFFFF,0xFFFFFFFF,0xFFFFFFFF,0xFFFFFFFF,
    0xFFFFFFFF,0xFFFFFFFF,0xFFFFFFFF,0xFFFFFFFF,0xFFFFFFFF,0xFFFFFFFF,0xFFFFFFFF,
    0xFFFFFFFF,0xFFFFFFFF,0xFFFFFFFF,0xFFFFFFFF,0xFFFFFFFF,0xFFFFFFFF,0xFFFFFFFF,
    0xFFFFFFFF,0xFFFFFFFF,0xFFFFFFFF,0xFFFFFFFF,0xFFFFFFFF,0xFFFFFFFF,0xFFFFFFFF,
    0xFFFFFFFF,0xFFFFFFFF,0xFFFFFFFF,0xFDFFFFFF,0xDDFFFFFF,0xADFFFFFF,0x7DFFFFFF,
    0x4DFFFFFF,0x1CFFFFFF,0x00000000,0x00000000,0x00000000,0x00000000,0x00000000,
    0x00000000,0x00000000,0x00000000,0x00000000,0x00000000,0x00000000,0x00000000,
    0x00000000,0x00000000,0x00000000,0x00000000,0x00000000,0x00000000,0x00000000,
    0x00000000,0x00000000,0x00000000,0x00000000,0x00000000,0x00000000,0x00000000,
    0x00000000,0x00000000,0x00000000,0x00000000,0x00000000,0x00000000,0x00000000,
    0x00000000,0x00000000,0x00000000,0x00000000,0x00000000,0x00000000,0x00000000,
    0x0BFFFFFF,0x42FFFFFF,0x7EFFFFFF,0xB9FFFFFF,0xF0FFFFFF,0xFFFFFFFF,0xFFFFFFFF,
    0xFFFFFFFF,0xFFFFFFFF,0xFFFFFFFF,0xFFFFFFFF,0xFFFFFFFF,0xFFFFFFFF,0xFFFFFFFF,
    0xFFFFFFFF,0xFFFFFFFF,0xFFFFFFFF,0xFFFFFFFF,0xFFFFFFFF,0xFFFFFFFF,0xFFFFFFFF,
    0xFFFFFFFF,0xFFFFFFFF,0xFFFFFFFF,0xFFFFFFFF,0xFFFFFFFF,0xFFFFFFFF,0xFFFFFFFF,
    0xFFFFFFFF,0xFFFFFFFF,0xFFFFFFFF,0xFFFFFFFF,0xFFFFFFFF,0xFFFFFFFF,0xFFFFFFFF,
    0xFFFFFFFF,0xFFFFFFFF,0xFFFFFFFF,0xFFFFFFFF,0xFFFFFFFF,0xFFFFFFFF,0xFFFFFFFF,
    0xFFFFFFFF,0xFFFFFFFF,0xFFFFFFFF,0xFFFFFFFF,0xFFFFFFFF,0xFFFFFFFF,0xFFFFFFFF,
    0xFFFFFFFF,0xFFFFFFFF,0xFFFFFFFF,0xFFFFFFFF,0xFFFFFFFF,0xFFFFFFFF,0xFFFFFFFF,
    0xFFFFFFFF,0xFFFFFFFF,0xFFFFFFFF,0xFFFFFFFF,0xFFFFFFFF,0xFFFFFFFF,0xFFFFFFFF,
    0xFFFFFFFF,0xFFFFFFFF,0xFFFFFFFF,0xFFFFFFFF,0xFFFFFFFF,0xFFFFFFFF,0xFFFFFFFF,
    0xFFFFFFFF,0xFFFFFFFF,0xFFFFFFFF,0xFFFFFFFF,0xFFFFFFFF,0xFFFFFFFF,0xFFFFFFFF,
    0xFFFFFFFF,0xFFFFFFFF,0xFFFFFFFF,0xFFFFFFFF,0xFFFFFFFF,0xFFFFFFFF,0xFFFFFFFF,
    0xFFFFFFFF,0xFFFFFFFF,0xFFFFFFFF,0xFFFFFFFF,0xFFFFFFFF,0xFFFFFFFF,0xFFFFFFFF,
    0xFFFFFFFF,0xFFFFFFFF,0xFFFFFFFF,0xFFFFFFFF,0xFFFFFFFF,0xFFFFFFFF,0xFFFFFFFF,
    0xFFFFFFFF,0xFFFFFFFF,0xFFFFFFFF,0xFFFFFFFF,0xFFFFFFFF,0xFFFFFFFF,0xFFFFFFFF,
    0xFFFFFFFF,0xFFFFFFFF,0xFFFFFFFF,0xFFFFFFFF,0xFFFFFFFF,0xFFFFFFFF,0xFFFFFFFF,
    0xFFFFFFFF,0xFFFFFFFF,0xFFFFFFFF,0xFFFFFFFF,0xFFFFFFFF,0xFFFFFFFF,0xFFFFFFFF,
    0xFFFFFFFF,0xFFFFFFFF,0xFFFFFFFF,0xFFFFFFFF,0xFFFFFFFF,0xFFFFFFFF,0xFFFFFFFF,
    0xFFFFFFFF,0xFFFFFFFF,0xFFFFFFFF,0xFFFFFFFF,0xFFFFFFFF,0xFFFFFFFF,0xFFFFFFFF,
    0xFFFFFFFF,0xFFFFFFFF,0xFFFFFFFF,0xFFFFFFFF,0xFFFFFFFF,0xFFFFFFFF,0xFFFFFFFF,
    0xFFFFFFFF,0xFFFFFFFF,0xFFFFFFFF,0xFFFFFFFF,0xFFFFFFFF,0xFFFFFFFF,0xFFFFFFFF,
    0xFFFFFFFF,0xFFFFFFFF,0xFFFFFFFF,0xFFFFFFFF,0xFFFFFFFF,0xFFFFFFFF,0xFFFFFFFF,
    0xFFFFFFFF,0xFFFFFFFF,0xFFFFFFFF,0xFFFFFFFF,0xFFFFFFFF,0xFFFFFFFF,0xEAFFFFFF,
    0xB2FFFFFF,0x77FFFFFF,0x3BFFFFFF,0x07FFFFFF,0x00000000,0x00000000,0x00000000,
    0x00000000,0x00000000,0x00000000,0x00000000,0x00000000,0x00000000,0x00000000,
    0x00000000,0x00000000,0x00000000,0x00000000,0x00000000,0x00000000,0x00000000,
    0x00000000,0x00000000,0x00000000,0x00000000,0x00000000,0x00000000,0x00000000,
    0x00000000,0x00000000,0x00000000,0x00000000,0x00000000,0x00000000,0x00000000,
    0x02FFFFFF,0x35FFFFFF,0x81FFFFFF,0xC9FFFFFF,0xFBFFFFFF,0xFFFFFFFF,0xFFFFFFFF,
    0xFFFFFFFF,0xFFFFFFFF,0xFFFFFFFF,0xFFFFFFFF,0xFFFFFFFF,0xFFFFFFFF,0xFFFFFFFF,
    0xFFFFFFFF,0xFFFFFFFF,0xFFFFFFFF,0xFFFFFFFF,0xFFFFFFFF,0xFFFFFFFF,0xFFFFFFFF,
    0xFFFFFFFF,0xFFFFFFFF,0xFFFFFFFF,0xFFFFFFFF,0xFFFFFFFF,0xFFFFFFFF,0xFFFFFFFF,
    0xFFFFFFFF,0xFFFFFFFF,0xFFFFFFFF,0xFFFFFFFF,0xFFFFFFFF,0xFFFFFFFF,0xFFFFFFFF,
    0xFFFFFFFF,0xFFFFFFFF,0xFFFFFFFF,0xFFFFFFFF,0xFFFFFFFF,0xFFFFFFFF,0xFFFFFFFF,
    0xFFFFFFFF,0xFFFFFFFF,0xFFFFFFFF,0xFFFFFFFF,0xFFFFFFFF,0xFFFFFFFF,0xFFFFFFFF,
    0xFFFFFFFF,0xFFFFFFFF,0xFFFFFFFF,0xFFFFFFFF,0xFFFFFFFF,0xFFFFFFFF,0xFFFFFFFF,
    0xFFFFFFFF,0xFFFFFFFF,0xFFFFFFFF,0xFFFFFFFF,0xFFFFFFFF,0xFFFFFFFF,0xFFFFFFFF,
    0xFFFFFFFF,0xFFFFFFFF,0xFFFFFFFF,0xFFFFFFFF,0xFFFFFFFF,0xFFFFFFFF,0xFFFFFFFF,
    0xFFFFFFFF,0xFFFFFFFF,0xFFFFFFFF,0xFFFFFFFF,0xFFFFFFFF,0xFFFFFFFF,0xFFFFFFFF,
    0xFFFFFFFF,0xFFFFFFFF,0xFFFFFFFF,0xFFFFFFFF,0xFFFFFFFF,0xFFFFFFFF,0xFFFFFFFF,
    0xFFFFFFFF,0xFFFFFFFF,0xFFFFFFFF,0xFFFFFFFF,0xFFFFFFFF,0xFFFFFFFF,0xFFFFFFFF,
    0xFFFFFFFF,0xFFFFFFFF,0xFFFFFFFF,0xFFFFFFFF,0xFFFFFFFF,0xFFFFFFFF,0xFFFFFFFF,
    0xFFFFFFFF,0xFFFFFFFF,0xFFFFFFFF,0xFFFFFFFF,0xFFFFFFFF,0xFFFFFFFF,0xFFFFFFFF,
    0xFFFFFFFF,0xFFFFFFFF,0xFFFFFFFF,0xFFFFFFFF,0xFFFFFFFF,0xFFFFFFFF,0xFFFFFFFF,
    0xFFFFFFFF,0xFFFFFFFF,0xFFFFFFFF,0xFFFFFFFF,0xFFFFFFFF,0xFFFFFFFF,0xFFFFFFFF,
    0xFFFFFFFF,0xFFFFFFFF,0xFFFFFFFF,0xFFFFFFFF,0xFFFFFFFF,0xFFFFFFFF,0xFFFFFFFF,
    0xFFFFFFFF,0xFFFFFFFF,0xFFFFFFFF,0xFFFFFFFF,0xFFFFFFFF,0xFFFFFFFF,0xFFFFFFFF,
    0xFFFFFFFF,0xFFFFFFFF,0xFFFFFFFF,0xFFFFFFFF,0xFFFFFFFF,0xFFFFFFFF,0xFFFFFFFF,
    0xFFFFFFFF,0xFFFFFFFF,0xFFFFFFFF,0xFFFFFFFF,0xFFFFFFFF,0xFFFFFFFF,0xFFFFFFFF,
    0xFFFFFFFF,0xFFFFFFFF,0xFFFFFFFF,0xFFFFFFFF,0xFFFFFFFF,0xFFFFFFFF,0xFFFFFFFF,
    0xFFFFFFFF,0xFFFFFFFF,0xFFFFFFFF,0xFFFFFFFF,0xFFFFFFFF,0xFFFFFFFF,0xFFFFFFFF,
    0xFFFFFFFF,0xFFFFFFFF,0xFFFFFFFF,0xFFFFFFFF,0xFFFFFFFF,0xFFFFFFFF,0xFFFFFFFF,
    0xF8FFFFFF,0xC2FFFFFF,0x78FFFFFF,0x2DFFFFFF,0x00000000,0x00000000,0x00000000,
    0x00000000,0x00000000,0x00000000,0x00000000,0x00000000,0x00000000,0x00000000,
    0x00000000,0x00000000,0x00000000,0x00000000,0x00000000,0x00000000,0x00000000,
    0x00000000,0x00000000,0x00000000,0x00000000,0x00000000,0x00000000,0x00000000,
    0x00000000,0x01FFFFFF,0x3DFFFFFF,0x9BFFFFFF,0xE8FFFFFF,0xFFFFFFFF,0xFFFFFFFF,
    0xFFFFFFFF,0xFFFFFFFF,0xFFFFFFFF,0xFFFFFFFF,0xFFFFFFFF,0xFFFFFFFF,0xFFFFFFFF,
    0xFFFFFFFF,0xFFFFFFFF,0xFFFFFFFF,0xFFFFFFFF,0xFFFFFFFF,0xFFFFFFFF,0xFFFFFFFF,
    0xFFFFFFFF,0xFFFFFFFF,0xFFFFFFFF,0xFFFFFFFF,0xFFFFFFFF,0xFFFFFFFF,0xFFFFFFFF,
    0xFFFFFFFF,0xFFFFFFFF,0xFFFFFFFF,0xFFFFFFFF,0xFFFFFFFF,0xFFFFFFFF,0xFFFFFFFF,
    0xFFFFFFFF,0xFFFFFFFF,0xFFFFFFFF,0xFFFFFFFF,0xFFFFFFFF,0xFFFFFFFF,0xFFFFFFFF,
    0xFFFFFFFF,0xFFFFFFFF,0xFFFFFFFF,0xFFFFFFFF,0xFFFFFFFF,0xFFFFFFFF,0xFFFFFFFF,
    0xFFFFFFFF,0xFFFFFFFF,0xFFFFFFFF,0xFFFFFFFF,0xFFFFFFFF,0xFFFFFFFF,0xFFFFFFFF,
    0xFFFFFFFF,0xFFFFFFFF,0xFFFFFFFF,0xFFFFFFFF,0xFFFFFFFF,0xFFFFFFFF,0xFFFFFFFF,
    0xFFFFFFFF,0xFFFFFFFF,0xFFFFFFFF,0xFFFFFFFF,0xFFFFFFFF,0xFFFFFFFF,0xFFFFFFFF,
    0xFFFFFFFF,0xFFFFFFFF,0xFFFFFFFF,0xFFFFFFFF,0xFFFFFFFF,0xFFFFFFFF,0xFFFFFFFF,
    0xFFFFFFFF,0xFFFFFFFF,0xFFFFFFFF,0xFFFFFFFF,0xFFFFFFFF,0xFFFFFFFF,0xFFFFFFFF,
    0xFFFFFFFF,0xFFFFFFFF,0xFFFFFFFF,0xFFFFFFFF,0xFFFFFFFF,0xFFFFFFFF,0xFFFFFFFF,
    0xFFFFFFFF,0xFFFFFFFF,0xFFFFFFFF,0xFFFFFFFF,0xFFFFFFFF,0xFFFFFFFF,0xFFFFFFFF,
    0xFFFFFFFF,0xFFFFFFFF,0xFFFFFFFF,0xFFFFFFFF,0xFFFFFFFF,0xFFFFFFFF,0xFFFFFFFF,
    0xFFFFFFFF,0xFFFFFFFF,0xFFFFFFFF,0xFFFFFFFF,0xFFFFFFFF,0xFFFFFFFF,0xFFFFFFFF,
    0xFFFFFFFF,0xFFFFFFFF,0xFFFFFFFF,0xFFFFFFFF,0xFFFFFFFF,0xFFFFFFFF,0xFFFFFFFF,
    0xFFFFFFFF,0xFFFFFFFF,0xFFFFFFFF,0xFFFFFFFF,0xFFFFFFFF,0xFFFFFFFF,0xFFFFFFFF,
    0xFFFFFFFF,0xFFFFFFFF,0xFFFFFFFF,0xFFFFFFFF,0xFFFFFFFF,0xFFFFFFFF,0xFFFFFFFF,
    0xFFFFFFFF,0xFFFFFFFF,0xFFFFFFFF,0xFFFFFFFF,0xFFFFFFFF,0xFFFFFFFF,0xFFFFFFFF,
    0xFFFFFFFF,0xFFFFFFFF,0xFFFFFFFF,0xFFFFFFFF,0xFFFFFFFF,0xFFFFFFFF,0xFFFFFFFF,
    0xFFFFFFFF,0xFFFFFFFF,0xFFFFFFFF,0xFFFFFFFF,0xFFFFFFFF,0xFFFFFFFF,0xFFFFFFFF,
    0xFFFFFFFF,0xFFFFFFFF,0xFFFFFFFF,0xFFFFFFFF,0xFFFFFFFF,0xFFFFFFFF,0xFFFFFFFF,
    0xFFFFFFFF,0xFFFFFFFF,0xFFFFFFFF,0xFFFFFFFF,0xFFFFFFFF,0xFFFFFFFF,0xFFFFFFFF,
    0xFFFFFFFF,0xFFFFFFFF,0xFFFFFFFF,0xFFFFFFFF,0xFFFFFFFF,0xFFFFFFFF,0xFFFFFFFF,
    0xFFFFFFFF,0xE0FFFFFF,0x92FFFFFF,0x32FFFFFF,0x00000000,0x00000000,0x00000000,
    0x00000000,0x00000000,0x00000000,0x00000000,0x00000000,0x00000000,0x00000000,
    0x00000000,0x00000000,0x00000000,0x00000000,0x00000000,0x00000000,0x00000000,
    0x00000000,0x00000000,0x00000000,0x0DFFFFFF,0x76FFFFFF,0xD9FFFFFF,0xFFFFFFFF,
    0xFFFFFFFF,0xFFFFFFFF,0xFFFFFFFF,0xFFFFFFFF,0xFFFFFFFF,0xFFFFFFFF,0xFFFFFFFF,
    0xFFFFFFFF,0xFFFFFFFF,0xFFFFFFFF,0xFFFFFFFF,0xFFFFFFFF,0xFFFFFFFF,0xFFFFFFFF,
    0xFFFFFFFF,0xFFFFFFFF,0xFFFFFFFF,0xFFFFFFFF,0xFFFFFFFF,0xFFFFFFFF,0xFFFFFFFF,
    0xFFFFFFFF,0xFFFFFFFF,0xFFFFFFFF,0xFFFFFFFF,0xFFFFFFFF,0xFFFFFFFF,0xFFFFFFFF,
    0xFFFFFFFF,0xFFFFFFFF,0xFFFFFFFF,0xFFFFFFFF,0xFFFFFFFF,0xFFFFFFFF,0xFFFFFFFF,
    0xFFFFFFFF,0xFFFFFFFF,0xFFFFFFFF,0xFFFFFFFF,0xFFFFFFFF,0xFFFFFFFF,0xFFFFFFFF,
    0xFFFFFFFF,0xFFFFFFFF,0xFFFFFFFF,0xFFFFFFFF,0xFFFFFFFF,0xFFFFFFFF,0xFFFFFFFF,
    0xFFFFFFFF,0xFFFFFFFF,0xFFFFFFFF,0xFFFFFFFF,0xFFFFFFFF,0xFFFFFFFF,0xFFFFFFFF,
    0xFFFFFFFF,0xFFFFFFFF,0xFFFFFFFF,0xFFFFFFFF,0xFFFFFFFF,0xFFFFFFFF,0xFFFFFFFF,
    0xFFFFFFFF,0xFFFFFFFF,0xFFFFFFFF,0xFFFFFFFF,0xFFFFFFFF,0xFFFFFFFF,0xFFFFFFFF,
    0xFFFFFFFF,0xFFFFFFFF,0xFFFFFFFF,0xFCFFFFFF,0xE4FFFFFF,0xC6FFFFFF,0xB5FFFFFF,
    0xA5FFFFFF,0x95FFFFFF,0x88FFFFFF,0x78FFFFFF,0x77FFFFFF,0x77FFFFFF,0x6EFFFFFF,
    0x6DFFFFFF,0x77FFFFFF,0x77FFFFFF,0x77FFFFFF,0x88FFFFFF,0x94FFFFFF,0xA4FFFFFF,
    0xB4FFFFFF,0xC5FFFFFF,0xE3FFFFFF,0xFBFFFFFF,0xFFFFFFFF,0xFFFFFFFF,0xFFFFFFFF,
    0xFFFFFFFF,0xFFFFFFFF,0xFFFFFFFF,0xFFFFFFFF,0xFFFFFFFF,0xFFFFFFFF,0xFFFFFFFF,
    0xFFFFFFFF,0xFFFFFFFF,0xFFFFFFFF,0xFFFFFFFF,0xFFFFFFFF,0xFFFFFFFF,0xFFFFFFFF,
    0xFFFFFFFF,0xFFFFFFFF,0xFFFFFFFF,0xFFFFFFFF,0xFFFFFFFF,0xFFFFFFFF,0xFFFFFFFF,
    0xFFFFFFFF,0xFFFFFFFF,0xFFFFFFFF,0xFFFFFFFF,0xFFFFFFFF,0xFFFFFFFF,0xFFFFFFFF,
    0xFFFFFFFF,0xFFFFFFFF,0xFFFFFFFF,0xFFFFFFFF,0xFFFFFFFF,0xFFFFFFFF,0xFFFFFFFF,
    0xFFFFFFFF,0xFFFFFFFF,0xFFFFFFFF,0xFFFFFFFF,0xFFFFFFFF,0xFFFFFFFF,0xFFFFFFFF,
    0xFFFFFFFF,0xFFFFFFFF,0xFFFFFFFF,0xFFFFFFFF,0xFFFFFFFF,0xFFFFFFFF,0xFFFFFFFF,
    0xFFFFFFFF,0xFFFFFFFF,0xFFFFFFFF,0xFFFFFFFF,0xFFFFFFFF,0xFFFFFFFF,0xFFFFFFFF,
    0xFFFFFFFF,0xFFFFFFFF,0xFFFFFFFF,0xFFFFFFFF,0xFFFFFFFF,0xFFFFFFFF,0xFFFFFFFF,
    0xFFFFFFFF,0xFFFFFFFF,0xFFFFFFFF,0xFFFFFFFF,0xFFFFFFFF,0xFFFFFFFF,0xFFFFFFFF,
    0xFFFFFFFF,0xFFFFFFFF,0xFFFFFFFF,0xFFFFFFFF,0xFFFFFFFF,0xFFFFFFFF,0xFFFFFFFF,
    0xFFFFFFFF,0xCFFFFFFF,0x69FFFFFF,0x07FFFFFF,0x00000000,0x00000000,0x00000000,
    0x00000000,0x00000000,0x00000000,0x00000000,0x00000000,0x00000000,0x00000000,
    0x00000000,0x00000000,0x00000000,0x00000000,0x00000000,0x03FFFFFF,0x67FFFFFF,
    0xE8FFFFFF,0xFFFFFFFF,0xFFFFFFFF,0xFFFFFFFF,0xFFFFFFFF,0xFFFFFFFF,0xFFFFFFFF,
    0xFFFFFFFF,0xFFFFFFFF,0xFFFFFFFF,0xFFFFFFFF,0xFFFFFFFF,0xFFFFFFFF,0xFFFFFFFF,
    0xFFFFFFFF,0xFFFFFFFF,0xFFFFFFFF,0xFFFFFFFF,0xFFFFFFFF,0xFFFFFFFF,0xFFFFFFFF,
    0xFFFFFFFF,0xFFFFFFFF,0xFFFFFFFF,0xFFFFFFFF,0xFFFFFFFF,0xFFFFFFFF,0xFFFFFFFF,
    0xFFFFFFFF,0xFFFFFFFF,0xFFFFFFFF,0xFFFFFFFF,0xFFFFFFFF,0xFFFFFFFF,0xFFFFFFFF,
    0xFFFFFFFF,0xFFFFFFFF,0xFFFFFFFF,0xFFFFFFFF,0xFFFFFFFF,0xFFFFFFFF,0xFFFFFFFF,
    0xFFFFFFFF,0xFFFFFFFF,0xFFFFFFFF,0xFFFFFFFF,0xFFFFFFFF,0xFFFFFFFF,0xFFFFFFFF,
    0xFFFFFFFF,0xFFFFFFFF,0xFFFFFFFF,0xFFFFFFFF,0xFFFFFFFF,0xFFFFFFFF,0xFFFFFFFF,
    0xFFFFFFFF,0xFFFFFFFF,0xFFFFFFFF,0xFFFFFFFF,0xFFFFFFFF,0xFFFFFFFF,0xFFFFFFFF,
    0xFFFFFFFF,0xFFFFFFFF,0xFFFFFFFF,0xFFFFFFFF,0xFFFFFFFF,0xFFFFFFFF,0xFFFFFFFF,
    0xFFFFFFFF,0xFCFFFFFF,0xCBFFFFFF,0x99FFFFFF,0x6DFFFFFF,0x42FFFFFF,0x1DFFFFFF,
    0x04FFFFFF,0x00000000,0x00000000,0x00000000,0x00000000,0x00000000,0x00000000,
    0x00000000,0x00000000,0x00000000,0x00000000,0x00000000,0x00000000,0x00000000,
    0x00000000,0x00000000,0x00000000,0x00000000,0x00000000,0x00000000,0x00000000,
    0x03FFFFFF,0x1BFFFFFF,0x40FFFFFF,0x6AFFFFFF,0x97FFFFFF,0xC7FFFFFF,0xFBFFFFFF,
    0xFFFFFFFF,0xFFFFFFFF,0xFFFFFFFF,0xFFFFFFFF,0xFFFFFFFF,0xFFFFFFFF,0xFFFFFFFF,
    0xFFFFFFFF,0xFFFFFFFF,0xFFFFFFFF,0xFFFFFFFF,0xFFFFFFFF,0xFFFFFFFF,0xFFFFFFFF,
    0xFFFFFFFF,0xFFFFFFFF,0xFFFFFFFF,0xFFFFFFFF,0xFFFFFFFF,0xFFFFFFFF,0xFFFFFFFF,
    0xFFFFFFFF,0xFFFFFFFF,0xFFFFFFFF,0xFFFFFFFF,0xFFFFFFFF,0xFFFFFFFF,0xFFFFFFFF,
    0xFFFFFFFF,0xFFFFFFFF,0xFFFFFFFF,0xFFFFFFFF,0xFFFFFFFF,0xFFFFFFFF,0xFFFFFFFF,
    0xFFFFFFFF,0xFFFFFFFF,0xFFFFFFFF,0xFFFFFFFF,0xFFFFFFFF,0xFFFFFFFF,0xFFFFFFFF,
    0xFFFFFFFF,0xFFFFFFFF,0xFFFFFFFF,0xFFFFFFFF,0xFFFFFFFF,0xFFFFFFFF,0xFFFFFFFF,
    0xFFFFFFFF,0xFFFFFFFF,0xFFFFFFFF,0xFFFFFFFF,0xFFFFFFFF,0xFFFFFFFF,0xFFFFFFFF,
    0xFFFFFFFF,0xFFFFFFFF,0xFFFFFFFF,0xFFFFFFFF,0xFFFFFFFF,0xFFFFFFFF,0xFFFFFFFF,
    0xFFFFFFFF,0xFFFFFFFF,0xFFFFFFFF,0xFFFFFFFF,0xFFFFFFFF,0xFFFFFFFF,0xFFFFFFFF,
    0xFFFFFFFF,0xFFFFFFFF,0xFFFFFFFF,0xFFFFFFFF,0xFFFFFFFF,0xFFFFFFFF,0xFFFFFFFF,
    0xDEFFFFFF,0x58FFFFFF,0x01FFFFFF,0x00000000,0x00000000,0x00000000,0x00000000,
    0x00000000,0x00000000,0x00000000,0x00000000,0x00000000,0x00000000,0x00000000,
    0x00000000,0x0DFFFFFF,0xBDFFFFFF,0xFFFFFFFF,0xFFFFFFFF,0xFFFFFFFF,0xFFFFFFFF,
    0xFFFFFFFF,0xFFFFFFFF,0xFFFFFFFF,0xFFFFFFFF,0xFFFFFFFF,0xFFFFFFFF,0xFFFFFFFF,
    0xFFFFFFFF,0xFFFFFFFF,0xFFFFFFFF,0xFFFFFFFF,0xFFFFFFFF,0xFFFFFFFF,0xFFFFFFFF,
    0xFFFFFFFF,0xFFFFFFFF,0xFFFFFFFF,0xFFFFFFFF,0xFFFFFFFF,0xFFFFFFFF,0xFFFFFFFF,
    0xFFFFFFFF,0xFFFFFFFF,0xFFFFFFFF,0xFFFFFFFF,0xFFFFFFFF,0xFFFFFFFF,0xFFFFFFFF,
    0xFFFFFFFF,0xFFFFFFFF,0xFFFFFFFF,0xFFFFFFFF,0xFFFFFFFF,0xFFFFFFFF,0xFFFFFFFF,
    0xFFFFFFFF,0xFFFFFFFF,0xFFFFFFFF,0xFFFFFFFF,0xFFFFFFFF,0xFFFFFFFF,0xFFFFFFFF,
    0xFFFFFFFF,0xFFFFFFFF,0xFFFFFFFF,0xFFFFFFFF,0xFFFFFFFF,0xFFFFFFFF,0xFFFFFFFF,
    0xFFFFFFFF,0xFFFFFFFF,0xFFFFFFFF,0xFFFFFFFF,0xFFFFFFFF,0xFFFFFFFF,0xFFFFFFFF,
    0xFFFFFFFF,0xFFFFFFFF,0xFFFFFFFF,0xFFFFFFFF,0xFFFFFFFF,0xFFFFFFFF,0xFFFFFFFF,
    0xFFFFFFFF,0xFFFFFFFF,0xF4FFFFFF,0xA0FFFFFF,0x4BFFFFFF,0x0EFFFFFF,0x00000000,
    0x00000000,0x00000000,0x00000000,0x00000000,0x00000000,0x00000000,0x00000000,
    0x00000000,0x00000000,0x00000000,0x00000000,0x00000000,0x00000000,0x00000000,
    0x00000000,0x00000000,0x00000000,0x00000000,0x00000000,0x00000000,0x00000000,
    0x00000000,0x00000000,0x00000000,0x00000000,0x00000000,0x00000000,0x00000000,
    0x00000000,0x00000000,0x00000000,0x0CFFFFFF,0x47FFFFFF,0x9AFFFFFF,0xF1FFFFFF,
    0xFFFFFFFF,0xFFFFFFFF,0xFFFFFFFF,0xFFFFFFFF,0xFFFFFFFF,0xFFFFFFFF,0xFFFFFFFF,
    0xFFFFFFFF,0xFFFFFFFF,0xFFFFFFFF,0xFFFFFFFF,0xFFFFFFFF,0xFFFFFFFF,0xFFFFFFFF,
    0xFFFFFFFF,0xFFFFFFFF,0xFFFFFFFF,0xFFFFFFFF,0xFFFFFFFF,0xFFFFFFFF,0xFFFFFFFF,
    0xFFFFFFFF,0xFFFFFFFF,0xFFFFFFFF,0xFFFFFFFF,0xFFFFFFFF,0xFFFFFFFF,0xFFFFFFFF,
    0xFFFFFFFF,0xFFFFFFFF,0xFFFFFFFF,0xFFFFFFFF,0xFFFFFFFF,0xFFFFFFFF,0xFFFFFFFF,
    0xFFFFFFFF,0xFFFFFFFF,0xFFFFFFFF,0xFFFFFFFF,0xFFFFFFFF,0xFFFFFFFF,0xFFFFFFFF,
    0xFFFFFFFF,0xFFFFFFFF,0xFFFFFFFF,0xFFFFFFFF,0xFFFFFFFF,0xFFFFFFFF,0xFFFFFFFF,
    0xFFFFFFFF,0xFFFFFFFF,0xFFFFFFFF,0xFFFFFFFF,0xFFFFFFFF,0xFFFFFFFF,0xFFFFFFFF,
    0xFFFFFFFF,0xFFFFFFFF,0xFFFFFFFF,0xFFFFFFFF,0xFFFFFFFF,0xFFFFFFFF,0xFFFFFFFF,
    0xFFFFFFFF,0xFFFFFFFF,0xFFFFFFFF,0xFFFFFFFF,0xFFFFFFFF,0xFFFFFFFF,0xFFFFFFFF,
    0xFFFFFFFF,0xFFFFFFFF,0xFFFFFFFF,0xFFFFFFFF,0xFFFFFFFF,0xFFFFFFFF,0xA8FFFFFF,
    0x05FFFFFF,0x00000000,0x00000000,0x00000000,0x00000000,0x00000000,0x00000000,
    0x00000000,0x00000000,0x00000000,0x00000000,0x00000000,0xA4FFFFFF,0xFFFFFFFF,
    0xFFFFFFFF,0xFFFFFFFF,0xFFFFFFFF,0xFFFFFFFF,0xFFFFFFFF,0xFFFFFFFF,0xFFFFFFFF,
    0xFFFFFFFF,0xFFFFFFFF,0xFFFFFFFF,0xFFFFFFFF,0xFFFFFFFF,0xFFFFFFFF,0xFFFFFFFF,
    0xFFFFFFFF,0xFFFFFFFF,0xFFFFFFFF,0xFFFFFFFF,0xFFFFFFFF,0xFFFFFFFF,0xFFFFFFFF,
    0xFFFFFFFF,0xFFFFFFFF,0xFFFFFFFF,0xFFFFFFFF,0xFFFFFFFF,0xFFFFFFFF,0xFFFFFFFF,
    0xFFFFFFFF,0xFFFFFFFF,0xFFFFFFFF,0xFFFFFFFF,0xFFFFFFFF,0xFFFFFFFF,0xFFFFFFFF,
    0xFFFFFFFF,0xFFFFFFFF,0xFFFFFFFF,0xFFFFFFFF,0xFFFFFFFF,0xFFFFFFFF,0xFFFFFFFF,
    0xFFFFFFFF,0xFFFFFFFF,0xFFFFFFFF,0xFFFFFFFF,0xFFFFFFFF,0xFFFFFFFF,0xFFFFFFFF,
    0xFFFFFFFF,0xFFFFFFFF,0xFFFFFFFF,0xFFFFFFFF,0xFFFFFFFF,0xFFFFFFFF,0xFFFFFFFF,
    0xFFFFFFFF,0xFFFFFFFF,0xFFFFFFFF,0xFFFFFFFF,0xFFFFFFFF,0xFFFFFFFF,0xFFFFFFFF,
    0xFFFFFFFF,0xFFFFFFFF,0xFFFFFFFF,0xFFFFFFFF,0xFEFFFFFF,0x93FFFFFF,0x0EFFFFFF,
    0x00000000,0x00000000,0x00000000,0x00000000,0x00000000,0x00000000,0x00000000,
    0x00000000,0x00000000,0x00000000,0x00000000,0x00000000,0x00000000,0x00000000,
    0x00000000,0x00000000,0x00000000,0x00000000,0x00000000,0x00000000,0x00000000,
    0x00000000,0x00000000,0x00000000,0x00000000,0x00000000,0x00000000,0x00000000,
    0x00000000,0x00000000,0x00000000,0x00000000,0x00000000,0x00000000,0x00000000,
    0x00000000,0x00000000,0x00000000,0x0BFFFFFF,0x8AFFFFFF,0xFCFFFFFF,0xFFFFFFFF,
    0xFFFFFFFF,0xFFFFFFFF,0xFFFFFFFF,0xFFFFFFFF,0xFFFFFFFF,0xFFFFFFFF,0xFFFFFFFF,
    0xFFFFFFFF,0xFFFFFFFF,0xFFFFFFFF,0xFFFFFFFF,0xFFFFFFFF,0xFFFFFFFF,0xFFFFFFFF,
    0xFFFFFFFF,0xFFFFFFFF,0xFFFFFFFF,0xFFFFFFFF,0xFFFFFFFF,0xFFFFFFFF,0xFFFFFFFF,
    0xFFFFFFFF,0xFFFFFFFF,0xFFFFFFFF,0xFFFFFFFF,0xFFFFFFFF,0xFFFFFFFF,0xFFFFFFFF,
    0xFFFFFFFF,0xFFFFFFFF,0xFFFFFFFF,0xFFFFFFFF,0xFFFFFFFF,0xFFFFFFFF,0xFFFFFFFF,
    0xFFFFFFFF,0xFFFFFFFF,0xFFFFFFFF,0xFFFFFFFF,0xFFFFFFFF,0xFFFFFFFF,0xFFFFFFFF,
    0xFFFFFFFF,0xFFFFFFFF,0xFFFFFFFF,0xFFFFFFFF,0xFFFFFFFF,0xFFFFFFFF,0xFFFFFFFF,
    0xFFFFFFFF,0xFFFFFFFF,0xFFFFFFFF,0xFFFFFFFF,0xFFFFFFFF,0xFFFFFFFF,0xFFFFFFFF,
    0xFFFFFFFF,0xFFFFFFFF,0xFFFFFFFF,0xFFFFFFFF,0xFFFFFFFF,0xFFFFFFFF,0xFFFFFFFF,
    0xFFFFFFFF,0xFFFFFFFF,0xFFFFFFFF,0xFFFFFFFF,0xFFFFFFFF,0xFFFFFFFF,0xFFFFFFFF,
    0xFFFFFFFF,0xFFFFFFFF,0xFFFFFFFF,0xFFFFFFFF,0x88FFFFFF,0x00000000,0x00000000,
    0x00000000,0x00000000,0x00000000,0x00000000,0x00000000,0x00000000,0x00000000,
    0x00000000,0x00000000,0xF3FFFFFF,0xFFFFFFFF,0xFFFFFFFF,0xFFFFFFFF,0xFFFFFFFF,
    0xFFFFFFFF,0xFFFFFFFF,0xFFFFFFFF,0xFFFFFFFF,0xFFFFFFFF,0xFFFFFFFF,0xFFFFFFFF,
    0xFFFFFFFF,0xFFFFFFFF,0xFFFFFFFF,0xFFFFFFFF,0xFFFFFFFF,0xFFFFFFFF,0xFFFFFFFF,
    0xFFFFFFFF,0xFFFFFFFF,0xFFFFFFFF,0xFFFFFFFF,0xFFFFFFFF,0xFFFFFFFF,0xFFFFFFFF,
    0xFFFFFFFF,0xFFFFFFFF,0xFFFFFFFF,0xFFFFFFFF,0xFFFFFFFF,0xFFFFFFFF,0xFFFFFFFF,
    0xFFFFFFFF,0xFFFFFFFF,0xFFFFFFFF,0xFFFFFFFF,0xFFFFFFFF,0xFFFFFFFF,0xFFFFFFFF,
    0xFFFFFFFF,0xFFFFFFFF,0xFFFFFFFF,0xFFFFFFFF,0xFFFFFFFF,0xFFFFFFFF,0xFFFFFFFF,
    0xFFFFFFFF,0xFFFFFFFF,0xFFFFFFFF,0xFFFFFFFF,0xFFFFFFFF,0xFFFFFFFF,0xFFFFFFFF,
    0xFFFFFFFF,0xFFFFFFFF,0xFFFFFFFF,0xFFFFFFFF,0xFFFFFFFF,0xFFFFFFFF,0xFFFFFFFF,
    0xFFFFFFFF,0xFFFFFFFF,0xFFFFFFFF,0xFFFFFFFF,0xFFFFFFFF,0xFFFFFFFF,0xFFFFFFFF,
    0xFFFFFFFF,0x99FFFFFF,0x00000000,0x00000000,0x00000000,0x00000000,0x00000000,
    0x00000000,0x00000000,0x00000000,0x00000000,0x00000000,0x00000000,0x00000000,
    0x00000000,0x00000000,0x00000000,0x00000000,0x00000000,0x00000000,0x00000000,
    0x00000000,0x00000000,0x00000000,0x00000000,0x00000000,0x00000000,0x00000000,
    0x00000000,0x00000000,0x00000000,0x00000000,0x00000000,0x00000000,0x00000000,
    0x00000000,0x00000000,0x00000000,0x00000000,0x00000000,0x00000000,0x00000000,
    0x00000000,0x00000000,0x8BFFFFFF,0xFFFFFFFF,0xFFFFFFFF,0xFFFFFFFF,0xFFFFFFFF,
    0xFFFFFFFF,0xFFFFFFFF,0xFFFFFFFF,0xFFFFFFFF,0xFFFFFFFF,0xFFFFFFFF,0xFFFFFFFF,
    0xFFFFFFFF,0xFFFFFFFF,0xFFFFFFFF,0xFFFFFFFF,0xFFFFFFFF,0xFFFFFFFF,0xFFFFFFFF,
    0xFFFFFFFF,0xFFFFFFFF,0xFFFFFFFF,0xFFFFFFFF,0xFFFFFFFF,0xFFFFFFFF,0xFFFFFFFF,
    0xFFFFFFFF,0xFFFFFFFF,0xFFFFFFFF,0xFFFFFFFF,0xFFFFFFFF,0xFFFFFFFF,0xFFFFFFFF,
    0xFFFFFFFF,0xFFFFFFFF,0xFFFFFFFF,0xFFFFFFFF,0xFFFFFFFF,0xFFFFFFFF,0xFFFFFFFF,
    0xFFFFFFFF,0xFFFFFFFF,0xFFFFFFFF,0xFFFFFFFF,0xFFFFFFFF,0xFFFFFFFF,0xFFFFFFFF,
    0xFFFFFFFF,0xFFFFFFFF,0xFFFFFFFF,0xFFFFFFFF,0xFFFFFFFF,0xFFFFFFFF,0xFFFFFFFF,
    0xFFFFFFFF,0xFFFFFFFF,0xFFFFFFFF,0xFFFFFFFF,0xFFFFFFFF,0xFFFFFFFF,0xFFFFFFFF,
    0xFFFFFFFF,0xFFFFFFFF,0xFFFFFFFF,0xFFFFFFFF,0xFFFFFFFF,0xFFFFFFFF,0xFFFFFFFF,
    0xFFFFFFFF,0xFFFFFFFF,0xFFFFFFFF,0xFFFFFFFF,0xFFFFFFFF,0xFFFFFFFF,0xFFFFFFFF,
    0xFFFFFFFF,0xD9FFFFFF,0x00000000,0x00000000,0x00000000,0x00000000,0x00000000,
    0x00000000,0x00000000,0x00000000,0x00000000,0x00000000,0x00000000,0xC1FFFFFF,
    0xFFFFFFFF,0xFFFFFFFF,0xFFFFFFFF,0xFFFFFFFF,0xFFFFFFFF,0xFFFFFFFF,0xFFFFFFFF,
    0xFFFFFFFF,0xFFFFFFFF,0xFFFFFFFF,0xFFFFFFFF,0xFFFFFFFF,0xFFFFFFFF,0xFFFFFFFF,
    0xFFFFFFFF,0xFFFFFFFF,0xFFFFFFFF,0xFFFFFFFF,0xFFFFFFFF,0xFFFFFFFF,0xFFFFFFFF,
    0xFFFFFFFF,0xFFFFFFFF,0xFFFFFFFF,0xFFFFFFFF,0xFFFFFFFF,0xFFFFFFFF,0xFFFFFFFF,
    0xFFFFFFFF,0xFFFFFFFF,0xFFFFFFFF,0xFFFFFFFF,0xFFFFFFFF,0xFFFFFFFF,0xFFFFFFFF,
    0xFFFFFFFF,0xFFFFFFFF,0xFFFFFFFF,0xFFFFFFFF,0xFFFFFFFF,0xFFFFFFFF,0xFFFFFFFF,
    0xFFFFFFFF,0xFFFFFFFF,0xFFFFFFFF,0xFFFFFFFF,0xFFFFFFFF,0xFFFFFFFF,0xFFFFFFFF,
    0xFFFFFFFF,0xFFFFFFFF,0xFFFFFFFF,0xFFFFFFFF,0xFFFFFFFF,0xFFFFFFFF,0xFFFFFFFF,
    0xFFFFFFFF,0xFFFFFFFF,0xFFFFFFFF,0xFFFFFFFF,0xFFFFFFFF,0xFFFFFFFF,0xFFFFFFFF,
    0xFFFFFFFF,0xFFFFFFFF,0xFFFFFFFF,0xFFFFFFFF,0xFFFFFFFF,0xB8FFFFFF,0x05FFFFFF,
    0x00000000,0x00000000,0x00000000,0x00000000,0x00000000,0x00000000,0x00000000,
    0x00000000,0x00000000,0x00000000,0x00000000,0x00000000,0x00000000,0x00000000,
    0x00000000,0x00000000,0x00000000,0x00000000,0x00000000,0x00000000,0x00000000,
    0x00000000,0x00000000,0x00000000,0x00000000,0x00000000,0x00000000,0x00000000,
    0x00000000,0x00000000,0x00000000,0x00000000,0x00000000,0x00000000,0x00000000,
    0x00000000,0x00000000,0x00000000,0x00000000,0x00000000,0x03FFFFFF,0xACFFFFFF,
    0xFFFFFFFF,0xFFFFFFFF,0xFFFFFFFF,0xFFFFFFFF,0xFFFFFFFF,0xFFFFFFFF,0xFFFFFFFF,
    0xFFFFFFFF,0xFFFFFFFF,0xFFFFFFFF,0xFFFFFFFF,0xFFFFFFFF,0xFFFFFFFF,0xFFFFFFFF,
    0xFFFFFFFF,0xFFFFFFFF,0xFFFFFFFF,0xFFFFFFFF,0xFFFFFFFF,0xFFFFFFFF,0xFFFFFFFF,
    0xFFFFFFFF,0xFFFFFFFF,0xFFFFFFFF,0xFFFFFFFF,0xFFFFFFFF,0xFFFFFFFF,0xFFFFFFFF,
    0xFFFFFFFF,0xFFFFFFFF,0xFFFFFFFF,0xFFFFFFFF,0xFFFFFFFF,0xFFFFFFFF,0xFFFFFFFF,
    0xFFFFFFFF,0xFFFFFFFF,0xFFFFFFFF,0xFFFFFFFF,0xFFFFFFFF,0xFFFFFFFF,0xFFFFFFFF,
    0xFFFFFFFF,0xFFFFFFFF,0xFFFFFFFF,0xFFFFFFFF,0xFFFFFFFF,0xFFFFFFFF,0xFFFFFFFF,
    0xFFFFFFFF,0xFFFFFFFF,0xFFFFFFFF,0xFFFFFFFF,0xFFFFFFFF,0xFFFFFFFF,0xFFFFFFFF,
    0xFFFFFFFF,0xFFFFFFFF,0xFFFFFFFF,0xFFFFFFFF,0xFFFFFFFF,0xFFFFFFFF,0xFFFFFFFF,
    0xFFFFFFFF,0xFFFFFFFF,0xFFFFFFFF,0xFFFFFFFF,0xFFFFFFFF,0xFFFFFFFF,0xFFFFFFFF,
    0xFFFFFFFF,0xFFFFFFFF,0xFFFFFFFF,0xFFFFFFFF,0xFFFFFFFF,0xA5FFFFFF,0x00000000,
    0x00000000,0x00000000,0x00000000,0x00000000,0x00000000,0x00000000,0x00000000,
    0x00000000,0x00000000,0x00000000,0x23FFFFFF,0xE3FFFFFF,0xFFFFFFFF,0xFFFFFFFF,
    0xFFFFFFFF,0xFFFFFFFF,0xFFFFFFFF,0xFFFFFFFF,0xFFFFFFFF,0xFFFFFFFF,0xFFFFFFFF,
    0xFFFFFFFF,0xFFFFFFFF,0xFFFFFFFF,0xFFFFFFFF,0xFFFFFFFF,0xFFFFFFFF,0xFFFFFFFF,
    0xFFFFFFFF,0xFFFFFFFF,0xFFFFFFFF,0xFFFFFFFF,0xFFFFFFFF,0xFFFFFFFF,0xFFFFFFFF,
    0xFFFFFFFF,0xFFFFFFFF,0xFFFFFFFF,0xFFFFFFFF,0xFFFFFFFF,0xFFFFFFFF,0xFFFFFFFF,
    0xFFFFFFFF,0xFFFFFFFF,0xFFFFFFFF,0xFFFFFFFF,0xFFFFFFFF,0xFFFFFFFF,0xFFFFFFFF,
    0xFFFFFFFF,0xFFFFFFFF,0xFFFFFFFF,0xFFFFFFFF,0xFFFFFFFF,0xFFFFFFFF,0xFFFFFFFF,
    0xFFFFFFFF,0xFFFFFFFF,0xFFFFFFFF,0xFFFFFFFF,0xFFFFFFFF,0xFFFFFFFF,0xFFFFFFFF,
    0xFFFFFFFF,0xFFFFFFFF,0xFFFFFFFF,0xFFFFFFFF,0xFFFFFFFF,0xFFFFFFFF,0xFFFFFFFF,
    0xFFFFFFFF,0xFFFFFFFF,0xFFFFFFFF,0xFFFFFFFF,0xFFFFFFFF,0xFFFFFFFF,0xFFFFFFFF,
    0xFFFFFFFF,0xFFFFFFFF,0xFFFFFFFF,0xCDFFFFFF,0x42FFFFFF,0x01FFFFFF,0x00000000,
    0x00000000,0x00000000,0x00000000,0x00000000,0x00000000,0x00000000,0x00000000,
    0x00000000,0x00000000,0x00000000,0x00000000,0x00000000,0x00000000,0x00000000,
    0x00000000,0x00000000,0x00000000,0x00000000,0x00000000,0x00000000,0x00000000,
    0x00000000,0x00000000,0x00000000,0x00000000,0x00000000,0x00000000,0x00000000,
    0x00000000,0x00000000,0x00000000,0x00000000,0x00000000,0x00000000,0x00000000,
    0x00000000,0x3CFFFFFF,0xC6FFFFFF,0xFFFFFFFF,0xFFFFFFFF,0xFFFFFFFF,0xFFFFFFFF,
    0xFFFFFFFF,0xFFFFFFFF,0xFFFFFFFF,0xFFFFFFFF,0xFFFFFFFF,0xFFFFFFFF,0xFFFFFFFF,
    0xFFFFFFFF,0xFFFFFFFF,0xFFFFFFFF,0xFFFFFFFF,0xFFFFFFFF,0xFFFFFFFF,0xFFFFFFFF,
    0xFFFFFFFF,0xFFFFFFFF,0xFFFFFFFF,0xFFFFFFFF,0xFFFFFFFF,0xFFFFFFFF,0xFFFFFFFF,
    0xFFFFFFFF,0xFFFFFFFF,0xFFFFFFFF,0xFFFFFFFF,0xFFFFFFFF,0xFFFFFFFF,0xFFFFFFFF,
    0xFFFFFFFF,0xFFFFFFFF,0xFFFFFFFF,0xFFFFFFFF,0xFFFFFFFF,0xFFFFFFFF,0xFFFFFFFF,
    0xFFFFFFFF,0xFFFFFFFF,0xFFFFFFFF,0xFFFFFFFF,0xFFFFFFFF,0xFFFFFFFF,0xFFFFFFFF,
    0xFFFFFFFF,0xFFFFFFFF,0xFFFFFFFF,0xFFFFFFFF,0xFFFFFFFF,0xFFFFFFFF,0xFFFFFFFF,
    0xFFFFFFFF,0xFFFFFFFF,0xFFFFFFFF,0xFFFFFFFF,0xFFFFFFFF,0xFFFFFFFF,0xFFFFFFFF,
    0xFFFFFFFF,0xFFFFFFFF,0xFFFFFFFF,0xFFFFFFFF,0xFFFFFFFF,0xFFFFFFFF,0xFFFFFFFF,
    0xFFFFFFFF,0xFFFFFFFF,0xFFFFFFFF,0xFFFFFFFF,0xFFFFFFFF,0xFFFFFFFF,0xFFFFFFFF,
    0xFFFFFFFF,0xD5FFFFFF,0x15FFFFFF,0x00000000,0x00000000,0x00000000,0x00000000,
    0x00000000,0x00000000,0x00000000,0x00000000,0x00000000,0x00000000,0x00000000,
    0x00000000,0x17FFFFFF,0xA2FFFFFF,0xFDFFFFFF,0xFFFFFFFF,0xFFFFFFFF,0xFFFFFFFF,
    0xFFFFFFFF,0xFFFFFFFF,0xFFFFFFFF,0xFFFFFFFF,0xFFFFFFFF,0xFFFFFFFF,0xFFFFFFFF,
    0xFFFFFFFF,0xFFFFFFFF,0xFFFFFFFF,0xFFFFFFFF,0xFFFFFFFF,0xFFFFFFFF,0xFFFFFFFF,
    0xFFFFFFFF,0xFFFFFFFF,0xFFFFFFFF,0xFFFFFFFF,0xFFFFFFFF,0xFFFFFFFF,0xFFFFFFFF,
    0xFFFFFFFF,0xFFFFFFFF,0xFFFFFFFF,0xFFFFFFFF,0xFFFFFFFF,0xFFFFFFFF,0xFFFFFFFF,
    0xFFFFFFFF,0xFFFFFFFF,0xFFFFFFFF,0xFFFFFFFF,0xFFFFFFFF,0xFFFFFFFF,0xFFFFFFFF,
    0xFFFFFFFF,0xFFFFFFFF,0xFFFFFFFF,0xFFFFFFFF,0xFFFFFFFF,0xFFFFFFFF,0xFFFFFFFF,
    0xFFFFFFFF,0xFFFFFFFF,0xFFFFFFFF,0xFFFFFFFF,0xFFFFFFFF,0xFFFFFFFF,0xFFFFFFFF,
    0xFFFFFFFF,0xFFFFFFFF,0xFFFFFFFF,0xFFFFFFFF,0xFFFFFFFF,0xFFFFFFFF,0xFFFFFFFF,
    0xFFFFFFFF,0xFFFFFFFF,0xFFFFFFFF,0xFFFFFFFF,0xFFFFFFFF,0xFFFFFFFF,0xFFFFFFFF,
    0xFFFFFFFF,0xFFFFFFFF,0xDEFFFFFF,0x8AFFFFFF,0x4AFFFFFF,0x0DFFFFFF,0x00000000,
    0x00000000,0x00000000,0x00000000,0x00000000,0x00000000,0x00000000,0x00000000,
    0x00000000,0x00000000,0x00000000,0x00000000,0x00000000,0x00000000,0x00000000,
    0x00000000,0x00000000,0x00000000,0x00000000,0x00000000,0x00000000,0x00000000,
    0x00000000,0x00000000,0x00000000,0x00000000,0x00000000,0x00000000,0x00000000,
    0x00000000,0x0BFFFFFF,0x46FFFFFF,0x86FFFFFF,0xD9FFFFFF,0xFFFFFFFF,0xFFFFFFFF,
    0xFFFFFFFF,0xFFFFFFFF,0xFFFFFFFF,0xFFFFFFFF,0xFFFFFFFF,0xFFFFFFFF,0xFFFFFFFF,
    0xFFFFFFFF,0xFFFFFFFF,0xFFFFFFFF,0xFFFFFFFF,0xFFFFFFFF,0xFFFFFFFF,0xFFFFFFFF,
    0xFFFFFFFF,0xFFFFFFFF,0xFFFFFFFF,0xFFFFFFFF,0xFFFFFFFF,0xFFFFFFFF,0xFFFFFFFF,
    0xFFFFFFFF,0xFFFFFFFF,0xFFFFFFFF,0xFFFFFFFF,0xFFFFFFFF,0xFFFFFFFF,0xFFFFFFFF,
    0xFFFFFFFF,0xFFFFFFFF,0xFFFFFFFF,0xFFFFFFFF,0xFFFFFFFF,0xFFFFFFFF,0xFFFFFFFF,
    0xFFFFFFFF,0xFFFFFFFF,0xFFFFFFFF,0xFFFFFFFF,0xFFFFFFFF,0xFFFFFFFF,0xFFFFFFFF,
    0xFFFFFFFF,0xFFFFFFFF,0xFFFFFFFF,0xFFFFFFFF,0xFFFFFFFF,0xFFFFFFFF,0xFFFFFFFF,
    0xFFFFFFFF,0xFFFFFFFF,0xFFFFFFFF,0xFFFFFFFF,0xFFFFFFFF,0xFFFFFFFF,0xFFFFFFFF,
    0xFFFFFFFF,0xFFFFFFFF,0xFFFFFFFF,0xFFFFFFFF,0xFFFFFFFF,0xFFFFFFFF,0xFFFFFFFF,
    0xFFFFFFFF,0xFFFFFFFF,0xFFFFFFFF,0xFFFFFFFF,0xFFFFFFFF,0xFFFFFFFF,0xFFFFFFFF,
    0xFFFFFFFF,0xFFFFFFFF,0xFFFFFFFF,0xFAFFFFFF,0x92FFFFFF,0x0EFFFFFF,0x00000000,
    0x00000000,0x00000000,0x00000000,0x00000000,0x00000000,0x00000000,0x00000000,
    0x00000000,0x00000000,0x00000000,0x00000000,0x00000000,0x00000000,0x00000000,
    0x31FFFFFF,0xAFFFFFFF,0xFBFFFFFF,0xFFFFFFFF,0xFFFFFFFF,0xFFFFFFFF,0xFFFFFFFF,
    0xFFFFFFFF,0xFFFFFFFF,0xFFFFFFFF,0xFFFFFFFF,0xFFFFFFFF,0xFFFFFFFF,0xFFFFFFFF,
    0xFFFFFFFF,0xFFFFFFFF,0xFFFFFFFF,0xFFFFFFFF,0xFFFFFFFF,0xFFFFFFFF,0xFFFFFFFF,
    0xFFFFFFFF,0xFFFFFFFF,0xFFFFFFFF,0xFFFFFFFF,0xFFFFFFFF,0xFFFFFFFF,0xFFFFFFFF,
    0xFFFFFFFF,0xFFFFFFFF,0xFFFFFFFF,0xFFFFFFFF,0xFFFFFFFF,0xFFFFFFFF,0xFFFFFFFF,
    0xFFFFFFFF,0xFFFFFFFF,0xFFFFFFFF,0xFFFFFFFF,0xFFFFFFFF,0xFFFFFFFF,0xFFFFFFFF,
    0xFFFFFFFF,0xFFFFFFFF,0xFFFFFFFF,0xFFFFFFFF,0xFFFFFFFF,0xFFFFFFFF,0xFFFFFFFF,
    0xFFFFFFFF,0xFFFFFFFF,0xFFFFFFFF,0xFFFFFFFF,0xFFFFFFFF,0xFFFFFFFF,0xFFFFFFFF,
    0xFFFFFFFF,0xFFFFFFFF,0xFFFFFFFF,0xFFFFFFFF,0xFFFFFFFF,0xFFFFFFFF,0xFFFFFFFF,
    0xFFFFFFFF,0xFFFFFFFF,0xFFFFFFFF,0xFFFFFFFF,0xFFFFFFFF,0xFFFFFFFF,0xFFFFFFFF,
    0xFFFFFFFF,0xFFFFFFFF,0xFBFFFFFF,0xD7FFFFFF,0xABFFFFFF,0x80FFFFFF,0x5DFFFFFF,
    0x3FFFFFFF,0x23FFFFFF,0x07FFFFFF,0x00000000,0x00000000,0x00000000,0x00000000,
    0x00000000,0x00000000,0x00000000,0x00000000,0x00000000,0x00000000,0x00000000,
    0x00000000,0x00000000,0x00000000,0x00000000,0x00000000,0x06FFFFFF,0x21FFFFFF,
    0x3DFFFFFF,0x5CFFFFFF,0x7DFFFFFF,0xA9FFFFFF,0xD4FFFFFF,0xFAFFFFFF,0xFFFFFFFF,
    0xFFFFFFFF,0xFFFFFFFF,0xFFFFFFFF,0xFFFFFFFF,0xFFFFFFFF,0xFFFFFFFF,0xFFFFFFFF,
    0xFFFFFFFF,0xFFFFFFFF,0xFFFFFFFF,0xFFFFFFFF,0xFFFFFFFF,0xFFFFFFFF,0xFFFFFFFF,
    0xFFFFFFFF,0xFFFFFFFF,0xFFFFFFFF,0xFFFFFFFF,0xFFFFFFFF,0xFFFFFFFF,0xFFFFFFFF,
    0xFFFFFFFF,0xFFFFFFFF,0xFFFFFFFF,0xFFFFFFFF,0xFFFFFFFF,0xFFFFFFFF,0xFFFFFFFF,
    0xFFFFFFFF,0xFFFFFFFF,0xFFFFFFFF,0xFFFFFFFF,0xFFFFFFFF,0xFFFFFFFF,0xFFFFFFFF,
    0xFFFFFFFF,0xFFFFFFFF,0xFFFFFFFF,0xFFFFFFFF,0xFFFFFFFF,0xFFFFFFFF,0xFFFFFFFF,
    0xFFFFFFFF,0xFFFFFFFF,0xFFFFFFFF,0xFFFFFFFF,0xFFFFFFFF,0xFFFFFFFF,0xFFFFFFFF,
    0xFFFFFFFF,0xFFFFFFFF,0xFFFFFFFF,0xFFFFFFFF,0xFFFFFFFF,0xFFFFFFFF,0xFFFFFFFF,
    0xFFFFFFFF,0xFFFFFFFF,0xFFFFFFFF,0xFFFFFFFF,0xFFFFFFFF,0xFFFFFFFF,0xFFFFFFFF,
    0xFFFFFFFF,0xFFFFFFFF,0xFFFFFFFF,0xFFFFFFFF,0xFFFFFFFF,0xFFFFFFFF,0xFFFFFFFF,
    0xFFFFFFFF,0xFFFFFFFF,0xFFFFFFFF,0xFFFFFFFF,0xFFFFFFFF,0xF7FFFFFF,0xA2FFFFFF,
    0x24FFFFFF,0x00000000,0x00000000,0x00000000,0x00000000,0x00000000,0x00000000,
    0x00000000,0x00000000,0x00000000,0x00000000,0x00000000,0x00000000,0x00000000,
    0x00000000,0x00000000,0x00000000,0x00000000,0x00000000,0x00000000,0x19FFFFFF,
    0x77FFFFFF,0xD6FFFFFF,0xFFFFFFFF,0xFFFFFFFF,0xFFFFFFFF,0xFFFFFFFF,0xFFFFFFFF,
    0xFFFFFFFF,0xFFFFFFFF,0xFFFFFFFF,0xFFFFFFFF,0xFFFFFFFF,0xFFFFFFFF,0xFFFFFFFF,
    0xFFFFFFFF,0xFFFFFFFF,0xFFFFFFFF,0xFFFFFFFF,0xFFFFFFFF,0xFFFFFFFF,0xFFFFFFFF,
    0xFFFFFFFF,0xFFFFFFFF,0xFFFFFFFF,0xFFFFFFFF,0xFFFFFFFF,0xFFFFFFFF,0xFFFFFFFF,
    0xFFFFFFFF,0xFFFFFFFF,0xFFFFFFFF,0xFFFFFFFF,0xFFFFFFFF,0xFFFFFFFF,0xFFFFFFFF,
    0xFFFFFFFF,0xFFFFFFFF,0xFFFFFFFF,0xFFFFFFFF,0xFFFFFFFF,0xFFFFFFFF,0xFFFFFFFF,
    0xFFFFFFFF,0xFFFFFFFF,0xFFFFFFFF,0xFFFFFFFF,0xFFFFFFFF,0xFFFFFFFF,0xFFFFFFFF,
    0xFFFFFFFF,0xFFFFFFFF,0xFFFFFFFF,0xFFFFFFFF,0xFFFFFFFF,0xFFFFFFFF,0xFFFFFFFF,
    0xFFFFFFFF,0xFFFFFFFF,0xFFFFFFFF,0xFFFFFFFF,0xFFFFFFFF,0xFFFFFFFF,0xFFFFFFFF,
    0xFFFFFFFF,0xFFFFFFFF,0xFFFFFFFF,0xFFFFFFFF,0xFFFFFFFF,0xFFFFFFFF,0xFFFFFFFF,
    0xFFFFFFFF,0xFFFFFFFF,0xFFFFFFFF,0xFFFFFFFF,0xFFFFFFFF,0xFFFFFFFF,0xFFFFFFFF,
    0xF3FFFFFF,0xE3FFFFFF,0xD2FFFFFF,0xC2FFFFFF,0xBBFFFFFF,0xBBFFFFFF,0xAAFFFFFF,
    0xAAFFFFFF,0xAAFFFFFF,0xAAFFFFFF,0xBAFFFFFF,0xBBFFFFFF,0xC1FFFFFF,0xD1FFFFFF,
    0xE2FFFFFF,0xF2FFFFFF,0xFFFFFFFF,0xFFFFFFFF,0xFFFFFFFF,0xFFFFFFFF,0xFFFFFFFF,
    0xFFFFFFFF,0xFFFFFFFF,0xFFFFFFFF,0xFFFFFFFF,0xFFFFFFFF,0xFFFFFFFF,0xFFFFFFFF,
    0xFFFFFFFF,0xFFFFFFFF,0xFFFFFFFF,0xFFFFFFFF,0xFFFFFFFF,0xFFFFFFFF,0xFFFFFFFF,
    0xFFFFFFFF,0xFFFFFFFF,0xFFFFFFFF,0xFFFFFFFF,0xFFFFFFFF,0xFFFFFFFF,0xFFFFFFFF,
    0xFFFFFFFF,0xFFFFFFFF,0xFFFFFFFF,0xFFFFFFFF,0xFFFFFFFF,0xFFFFFFFF,0xFFFFFFFF,
    0xFFFFFFFF,0xFFFFFFFF,0xFFFFFFFF,0xFFFFFFFF,0xFFFFFFFF,0xFFFFFFFF,0xFFFFFFFF,
    0xFFFFFFFF,0xFFFFFFFF,0xFFFFFFFF,0xFFFFFFFF,0xFFFFFFFF,0xFFFFFFFF,0xFFFFFFFF,
    0xFFFFFFFF,0xFFFFFFFF,0xFFFFFFFF,0xFFFFFFFF,0xFFFFFFFF,0xFFFFFFFF,0xFFFFFFFF,
    0xFFFFFFFF,0xFFFFFFFF,0xFFFFFFFF,0xFFFFFFFF,0xFFFFFFFF,0xFFFFFFFF,0xFFFFFFFF,
    0xFFFFFFFF,0xFFFFFFFF,0xFFFFFFFF,0xFFFFFFFF,0xFFFFFFFF,0xFFFFFFFF,0xFFFFFFFF,
    0xFFFFFFFF,0xFFFFFFFF,0xFFFFFFFF,0xFFFFFFFF,0xFFFFFFFF,0xFFFFFFFF,0xFFFFFFFF,
    0xFFFFFFFF,0xFFFFFFFF,0xFFFFFFFF,0xFFFFFFFF,0xFFFFFFFF,0xFFFFFFFF,0xFFFFFFFF,
    0xCDFFFFFF,0x6CFFFFFF,0x11FFFFFF,0x00000000,0x00000000,0x00000000,0x00000000,
    0x00000000,0x00000000,0x00000000,0x00000000,0x00000000,0x00000000,0x00000000,
    0x00000000,0x00000000,0x00000000,0x00000000,0x00000000,0x00000000,0x00000000,
    0x00000000,0x00000000,0x00000000,0x00000000,0x00000000,0x00000000,0x21FFFFFF,
    0x66FFFFFF,0xB3FFFFFF,0xF8FFFFFF,0xFFFFFFFF,0xFFFFFFFF,0xFFFFFFFF,0xFFFFFFFF,
    0xFFFFFFFF,0xFFFFFFFF,0xFFFFFFFF,0xFFFFFFFF,0xFFFFFFFF,0xFFFFFFFF,0xFFFFFFFF,
    0xFFFFFFFF,0xFFFFFFFF,0xFFFFFFFF,0xFFFFFFFF,0xFFFFFFFF,0xFFFFFFFF,0xFFFFFFFF,
    0xFFFFFFFF,0xFFFFFFFF,0xFFFFFFFF,0xFFFFFFFF,0xFFFFFFFF,0xFFFFFFFF,0xFFFFFFFF,
    0xFFFFFFFF,0xFFFFFFFF,0xFFFFFFFF,0xFFFFFFFF,0xFFFFFFFF,0xFFFFFFFF,0xFFFFFFFF,
    0xFFFFFFFF,0xFFFFFFFF,0xFFFFFFFF,0xFFFFFFFF,0xFFFFFFFF,0xFFFFFFFF,0xFFFFFFFF,
    0xFFFFFFFF,0xFFFFFFFF,0xFFFFFFFF,0xFFFFFFFF,0xFFFFFFFF,0xFFFFFFFF,0xFFFFFFFF,
    0xFFFFFFFF,0xFFFFFFFF,0xFFFFFFFF,0xFFFFFFFF,0xFFFFFFFF,0xFFFFFFFF,0xFFFFFFFF,
    0xFFFFFFFF,0xFFFFFFFF,0xFFFFFFFF,0xFFFFFFFF,0xFFFFFFFF,0xFFFFFFFF,0xFFFFFFFF,
    0xFFFFFFFF,0xFFFFFFFF,0xFFFFFFFF,0xFFFFFFFF,0xFFFFFFFF,0xFFFFFFFF,0xFFFFFFFF,
    0xFFFFFFFF,0xFFFFFFFF,0xFFFFFFFF,0xFFFFFFFF,0xFFFFFFFF,0xFFFFFFFF,0xFFFFFFFF,
    0xFFFFFFFF,0xFFFFFFFF,0xFFFFFFFF,0xFFFFFFFF,0xFFFFFFFF,0xFFFFFFFF,0xFFFFFFFF,
    0xFFFFFFFF,0xFFFFFFFF,0xFFFFFFFF,0xFFFFFFFF,0xFFFFFFFF,0xFFFFFFFF,0xFFFFFFFF,
    0xFFFFFFFF,0xFFFFFFFF,0xFFFFFFFF,0xFFFFFFFF,0xFFFFFFFF,0xFFFFFFFF,0xFFFFFFFF,
    0xFFFFFFFF,0xFFFFFFFF,0xFFFFFFFF,0xFFFFFFFF,0xFFFFFFFF,0xFFFFFFFF,0xFFFFFFFF,
    0xFFFFFFFF,0xFFFFFFFF,0xFFFFFFFF,0xFFFFFFFF,0xFFFFFFFF,0xFFFFFFFF,0xFFFFFFFF,
    0xFFFFFFFF,0xFFFFFFFF,0xFFFFFFFF,0xFFFFFFFF,0xFFFFFFFF,0xFFFFFFFF,0xFFFFFFFF,
    0xFFFFFFFF,0xFFFFFFFF,0xFFFFFFFF,0xFFFFFFFF,0xFFFFFFFF,0xFFFFFFFF,0xFFFFFFFF,
    0xFFFFFFFF,0xFFFFFFFF,0xFFFFFFFF,0xFFFFFFFF,0xFFFFFFFF,0xFFFFFFFF,0xFFFFFFFF,
    0xFFFFFFFF,0xFFFFFFFF,0xFFFFFFFF,0xFFFFFFFF,0xFFFFFFFF,0xFFFFFFFF,0xFFFFFFFF,
    0xFFFFFFFF,0xFFFFFFFF,0xFFFFFFFF,0xFFFFFFFF,0xFFFFFFFF,0xFFFFFFFF,0xFFFFFFFF,
    0xFFFFFFFF,0xFFFFFFFF,0xFFFFFFFF,0xFFFFFFFF,0xFFFFFFFF,0xFFFFFFFF,0xFFFFFFFF,
    0xFFFFFFFF,0xFFFFFFFF,0xFFFFFFFF,0xFFFFFFFF,0xFFFFFFFF,0xFFFFFFFF,0xFFFFFFFF,
    0xFFFFFFFF,0xFFFFFFFF,0xFFFFFFFF,0xFFFFFFFF,0xFFFFFFFF,0xFFFFFFFF,0xFFFFFFFF,
    0xF6FFFFFF,0xBBFFFFFF,0x6FFFFFFF,0x1EFFFFFF,0x00000000,0x00000000,0x00000000,
    0x00000000,0x00000000,0x00000000,0x00000000,0x00000000,0x00000000,0x00000000,
    0x00000000,0x00000000,0x00000000,0x00000000,0x00000000,0x00000000,0x00000000,
    0x00000000,0x00000000,0x00000000,0x00000000,0x00000000,0x00000000,0x00000000,
    0x00000000,0x00000000,0x00000000,0x00000000,0x00000000,0x00000000,0x05FFFFFF,
    0x33FFFFFF,0x6FFFFFFF,0xAAFFFFFF,0xEDFFFFFF,0xFFFFFFFF,0xFFFFFFFF,0xFFFFFFFF,
    0xFFFFFFFF,0xFFFFFFFF,0xFFFFFFFF,0xFFFFFFFF,0xFFFFFFFF,0xFFFFFFFF,0xFFFFFFFF,
    0xFFFFFFFF,0xFFFFFFFF,0xFFFFFFFF,0xFFFFFFFF,0xFFFFFFFF,0xFFFFFFFF,0xFFFFFFFF,
    0xFFFFFFFF,0xFFFFFFFF,0xFFFFFFFF,0xFFFFFFFF,0xFFFFFFFF,0xFFFFFFFF,0xFFFFFFFF,
    0xFFFFFFFF,0xFFFFFFFF,0xFFFFFFFF,0xFFFFFFFF,0xFFFFFFFF,0xFFFFFFFF,0xFFFFFFFF,
    0xFFFFFFFF,0xFFFFFFFF,0xFFFFFFFF,0xFFFFFFFF,0xFFFFFFFF,0xFFFFFFFF,0xFFFFFFFF,
    0xFFFFFFFF,0xFFFFFFFF,0xFFFFFFFF,0xFFFFFFFF,0xFFFFFFFF,0xFFFFFFFF,0xFFFFFFFF,
    0xFFFFFFFF,0xFFFFFFFF,0xFFFFFFFF,0xFFFFFFFF,0xFFFFFFFF,0xFFFFFFFF,0xFFFFFFFF,
    0xFFFFFFFF,0xFFFFFFFF,0xFFFFFFFF,0xFFFFFFFF,0xFFFFFFFF,0xFFFFFFFF,0xFFFFFFFF,
    0xFFFFFFFF,0xFFFFFFFF,0xFFFFFFFF,0xFFFFFFFF,0xFFFFFFFF,0xFFFFFFFF,0xFFFFFFFF,
    0xFFFFFFFF,0xFFFFFFFF,0xFFFFFFFF,0xFFFFFFFF,0xFFFFFFFF,0xFFFFFFFF,0xFFFFFFFF,
    0xFFFFFFFF,0xFFFFFFFF,0xFFFFFFFF,0xFFFFFFFF,0xFFFFFFFF,0xFFFFFFFF,0xFFFFFFFF,
    0xFFFFFFFF,0xFFFFFFFF,0xFFFFFFFF,0xFFFFFFFF,0xFFFFFFFF,0xFFFFFFFF,0xFFFFFFFF,
    0xFFFFFFFF,0xFFFFFFFF,0xFFFFFFFF,0xFFFFFFFF,0xFFFFFFFF,0xFFFFFFFF,0xFFFFFFFF,
    0xFFFFFFFF,0xFFFFFFFF,0xFFFFFFFF,0xFFFFFFFF,0xFFFFFFFF,0xFFFFFFFF,0xFFFFFFFF,
    0xFFFFFFFF,0xFFFFFFFF,0xFFFFFFFF,0xFFFFFFFF,0xFFFFFFFF,0xFFFFFFFF,0xFFFFFFFF,
    0xFFFFFFFF,0xFFFFFFFF,0xFFFFFFFF,0xFFFFFFFF,0xFFFFFFFF,0xFFFFFFFF,0xFFFFFFFF,
    0xFFFFFFFF,0xFFFFFFFF,0xFFFFFFFF,0xFFFFFFFF,0xFFFFFFFF,0xFFFFFFFF,0xFFFFFFFF,
    0xFFFFFFFF,0xFFFFFFFF,0xFFFFFFFF,0xFFFFFFFF,0xFFFFFFFF,0xFFFFFFFF,0xFFFFFFFF,
    0xFFFFFFFF,0xFFFFFFFF,0xFFFFFFFF,0xFFFFFFFF,0xFFFFFFFF,0xFFFFFFFF,0xFFFFFFFF,
    0xFFFFFFFF,0xFFFFFFFF,0xFFFFFFFF,0xFFFFFFFF,0xFFFFFFFF,0xFFFFFFFF,0xFFFFFFFF,
    0xFFFFFFFF,0xFFFFFFFF,0xFFFFFFFF,0xFFFFFFFF,0xFFFFFFFF,0xFFFFFFFF,0xFFFFFFFF,
    0xFFFFFFFF,0xFFFFFFFF,0xFFFFFFFF,0xFFFFFFFF,0xFFFFFFFF,0xFFFFFFFF,0xFFFFFFFF,
    0xF1FFFFFF,0xBBFFFFFF,0x80FFFFFF,0x44FFFFFF,0x08FFFFFF,0x00000000,0x00000000,
    0x00000000,0x00000000,0x00000000,0x00000000,0x00000000,0x00000000,0x00000000,
    0x00000000,0x00000000,0x00000000,0x00000000,0x00000000,0x00000000,0x00000000,
    0x00000000,0x00000000,0x00000000,0x00000000,0x00000000,0x00000000,0x00000000,
    0x00000000,0x00000000,0x00000000,0x00000000,0x00000000,0x00000000,0x00000000,
    0x00000000,0x00000000,0x00000000,0x00000000,0x00000000,0x00000000,0x00000000,
    0x02FFFFFF,0x2AFFFFFF,0x5AFFFFFF,0x8BFFFFFF,0xBBFFFFFF,0xECFFFFFF,0xFFFFFFFF,
    0xFFFFFFFF,0xFFFFFFFF,0xFFFFFFFF,0xFFFFFFFF,0xFFFFFFFF,0xFFFFFFFF,0xFFFFFFFF,
    0xFFFFFFFF,0xFFFFFFFF,0xFFFFFFFF,0xFFFFFFFF,0xFFFFFFFF,0xFFFFFFFF,0xFFFFFFFF,
    0xFFFFFFFF,0xFFFFFFFF,0xFFFFFFFF,0xFFFFFFFF,0xFFFFFFFF,0xFFFFFFFF,0xFFFFFFFF,
    0xFFFFFFFF,0xFFFFFFFF,0xFFFFFFFF,0xFFFFFFFF,0xFFFFFFFF,0xFFFFFFFF,0xFFFFFFFF,
    0xFFFFFFFF,0xFFFFFFFF,0xFFFFFFFF,0xFFFFFFFF,0xFFFFFFFF,0xFFFFFFFF,0xFFFFFFFF,
    0xFFFFFFFF,0xFFFFFFFF,0xFFFFFFFF,0xFFFFFFFF,0xFFFFFFFF,0xFFFFFFFF,0xFFFFFFFF,
    0xFFFFFFFF,0xFFFFFFFF,0xFFFFFFFF,0xFFFFFFFF,0xFFFFFFFF,0xFFFFFFFF,0xFFFFFFFF,
    0xFFFFFFFF,0xFFFFFFFF,0xFFFFFFFF,0xFFFFFFFF,0xFFFFFFFF,0xFFFFFFFF,0xFFFFFFFF,
    0xFFFFFFFF,0xFFFFFFFF,0xFFFFFFFF,0xFFFFFFFF,0xFFFFFFFF,0xFFFFFFFF,0xFFFFFFFF,
    0xFFFFFFFF,0xFFFFFFFF,0xFFFFFFFF,0xFFFFFFFF,0xFFFFFFFF,0xFFFFFFFF,0xFFFFFFFF,
    0xFFFFFFFF,0xFFFFFFFF,0xFFFFFFFF,0xFFFFFFFF,0xFFFFFFFF,0xFFFFFFFF,0xFFFFFFFF,
    0xFFFFFFFF,0xFFFFFFFF,0xFFFFFFFF,0xFFFFFFFF,0xFFFFFFFF,0xFFFFFFFF,0xFFFFFFFF,
    0xFFFFFFFF,0xFFFFFFFF,0xFFFFFFFF,0xFFFFFFFF,0xFFFFFFFF,0xFFFFFFFF,0xFFFFFFFF,
    0xFFFFFFFF,0xFFFFFFFF,0xFFFFFFFF,0xFFFFFFFF,0xFFFFFFFF,0xFFFFFFFF,0xFFFFFFFF,
    0xFFFFFFFF,0xFFFFFFFF,0xFFFFFFFF,0xFFFFFFFF,0xFFFFFFFF,0xFFFFFFFF,0xFFFFFFFF,
    0xFFFFFFFF,0xFFFFFFFF,0xFFFFFFFF,0xFFFFFFFF,0xFFFFFFFF,0xFFFFFFFF,0xFFFFFFFF,
    0xFFFFFFFF,0xFFFFFFFF,0xFFFFFFFF,0xFFFFFFFF,0xFFFFFFFF,0xFFFFFFFF,0xFFFFFFFF,
    0xFFFFFFFF,0xFFFFFFFF,0xFFFFFFFF,0xFFFFFFFF,0xFFFFFFFF,0xFFFFFFFF,0xFFFFFFFF,
    0xFFFFFFFF,0xFFFFFFFF,0xFFFFFFFF,0xFFFFFFFF,0xFFFFFFFF,0xFFFFFFFF,0xFFFFFFFF,
    0xFFFFFFFF,0xFFFFFFFF,0xFFFFFFFF,0xFFFFFFFF,0xFFFFFFFF,0xFFFFFFFF,0xFFFFFFFF,
    0xFFFFFFFF,0xFFFFFFFF,0xFFFFFFFF,0xFFFFFFFF,0xFFFFFFFF,0xFFFFFFFF,0xE6FFFFFF,
    0xB6FFFFFF,0x85FFFFFF,0x55FFFFFF,0x24FFFFFF,0x00000000,0x00000000,0x00000000,
    0x00000000,0x00000000,0x00000000,0x00000000,0x00000000,0x00000000,0x00000000,
    0x00000000,0x00000000,0x00000000,0x00000000,0x00000000,0x00000000,0x00000000,
    0x00000000,0x00000000,0x00000000,0x00000000,0x00000000,0x00000000,0x00000000,
    0x00000000,0x00000000,0x00000000,0x00000000,0x00000000,0x00000000,0x00000000,
    0x00000000,0x00000000,0x00000000,0x00000000,0x00000000,0x00000000,0x00000000,
    0x00000000,0x00000000,0x00000000,0x00000000,0x00000000,0x00000000,0x00000000,
    0x00000000,0x00000000,0x00000000,0x1CFFFFFF,0x45FFFFFF,0x6DFFFFFF,0x96FFFFFF,
    0xBDFFFFFF,0xE5FFFFFF,0xFFFFFFFF,0xFFFFFFFF,0xFFFFFFFF,0xFFFFFFFF,0xFFFFFFFF,
    0xFFFFFFFF,0xFFFFFFFF,0xFFFFFFFF,0xFFFFFFFF,0xFFFFFFFF,0xFFFFFFFF,0xFFFFFFFF,
    0xFFFFFFFF,0xFFFFFFFF,0xFFFFFFFF,0xFFFFFFFF,0xFFFFFFFF,0xFFFFFFFF,0xFFFFFFFF,
    0xFFFFFFFF,0xFFFFFFFF,0xFFFFFFFF,0xFFFFFFFF,0xFFFFFFFF,0xFFFFFFFF,0xFFFFFFFF,
    0xFFFFFFFF,0xFFFFFFFF,0xFFFFFFFF,0xFFFFFFFF,0xFFFFFFFF,0xFFFFFFFF,0xFFFFFFFF,
    0xFFFFFFFF,0xFFFFFFFF,0xFFFFFFFF,0xFFFFFFFF,0xFFFFFFFF,0xFFFFFFFF,0xFFFFFFFF,
    0xFFFFFFFF,0xFFFFFFFF,0xFFFFFFFF,0xFFFFFFFF,0xFFFFFFFF,0xFFFFFFFF,0xFFFFFFFF,
    0xFFFFFFFF,0xFFFFFFFF,0xFFFFFFFF,0xFFFFFFFF,0xFFFFFFFF,0xFFFFFFFF,0xFFFFFFFF,
    0xFFFFFFFF,0xFFFFFFFF,0xFFFFFFFF,0xFFFFFFFF,0xFFFFFFFF,0xFFFFFFFF,0xFFFFFFFF,
    0xFFFFFFFF,0xFFFFFFFF,0xFFFFFFFF,0xFFFFFFFF,0xFFFFFFFF,0xFFFFFFFF,0xFFFFFFFF,
    0xFFFFFFFF,0xFFFFFFFF,0xFFFFFFFF,0xFFFFFFFF,0xFFFFFFFF,0xFFFFFFFF,0xFFFFFFFF,
    0xFFFFFFFF,0xFFFFFFFF,0xFFFFFFFF,0xFFFFFFFF,0xFFFFFFFF,0xFFFFFFFF,0xFFFFFFFF,
    0xFFFFFFFF,0xFFFFFFFF,0xFFFFFFFF,0xFFFFFFFF,0xFFFFFFFF,0xFFFFFFFF,0xFFFFFFFF,
    0xFFFFFFFF,0xFFFFFFFF,0xFFFFFFFF,0xFFFFFFFF,0xFFFFFFFF,0xFFFFFFFF,0xFFFFFFFF,
    0xFFFFFFFF,0xFFFFFFFF,0xFFFFFFFF,0xFFFFFFFF,0xFFFFFFFF,0xFFFFFFFF,0xFFFFFFFF,
    0xFFFFFFFF,0xFFFFFFFF,0xFFFFFFFF,0xFFFFFFFF,0xFFFFFFFF,0xFFFFFFFF,0xFFFFFFFF,
    0xFFFFFFFF,0xFFFFFFFF,0xFFFFFFFF,0xFFFFFFFF,0xFFFFFFFF,0xFFFFFFFF,0xFFFFFFFF,
    0xFFFFFFFF,0xFFFFFFFF,0xFFFFFFFF,0xFFFFFFFF,0xFFFFFFFF,0xFFFFFFFF,0xFFFFFFFF,
    0xFFFFFFFF,0xFFFFFFFF,0xFFFFFFFF,0xFFFFFFFF,0xFFFFFFFF,0xFFFFFFFF,0xFFFFFFFF,
    0xFFFFFFFF,0xFFFFFFFF,0xFFFFFFFF,0xFEFFFFFF,0xE0FFFFFF,0xB9FFFFFF,0x91FFFFFF,
    0x68FFFFFF,0x41FFFFFF,0x16FFFFFF,0x00000000,0x00000000,0x00000000,0x00000000,
    0x00000000,0x00000000,0x00000000,0x00000000,0x00000000,0x00000000,0x00000000,
    0x00000000,0x00000000,0x00000000,0x00000000,0x00000000,0x00000000,0x00000000,
    0x00000000,0x00000000,0x00000000,0x00000000,0x00000000,0x00000000,0x00000000,
    0x00000000,0x00000000,0x00000000,0x00000000,0x00000000,0x00000000,0x00000000,
    0x00000000,0x00000000,0x00000000,0x00000000,0x00000000,0x00000000,0x00000000,
    0x00000000,0x00000000,0x00000000,0x00000000,0x00000000,0x00000000,0x00000000,
    0x00000000,0x00000000,0x00000000,0x00000000,0x00000000,0x00000000,0x00000000,
    0x00000000,0x00000000,0x00000000,0x00000000,0x00000000,0x00000000,0x0DFFFFFF,
    0x2FFFFFFF,0x50FFFFFF,0x70FFFFFF,0x91FFFFFF,0xB2FFFFFF,0xD3FFFFFF,0xF3FFFFFF,
    0xFFFFFFFF,0xFFFFFFFF,0xFFFFFFFF,0xFFFFFFFF,0xFFFFFFFF,0xFFFFFFFF,0xFFFFFFFF,
    0xFFFFFFFF,0xFFFFFFFF,0xFFFFFFFF,0xFFFFFFFF,0xFFFFFFFF,0xFFFFFFFF,0xFFFFFFFF,
    0xFFFFFFFF,0xFFFFFFFF,0xFFFFFFFF,0xFFFFFFFF,0xFFFFFFFF,0xFFFFFFFF,0xFFFFFFFF,
    0xFFFFFFFF,0xFFFFFFFF,0xFFFFFFFF,0xFFFFFFFF,0xFFFFFFFF,0xFFFFFFFF,0xFFFFFFFF,
    0xFFFFFFFF,0xFFFFFFFF,0xFFFFFFFF,0xFFFFFFFF,0xFFFFFFFF,0xFFFFFFFF,0xFFFFFFFF,
    0xFFFFFFFF,0xFFFFFFFF,0xFFFFFFFF,0xFFFFFFFF,0xFFFFFFFF,0xFFFFFFFF,0xFFFFFFFF,
    0xFFFFFFFF,0xFFFFFFFF,0xFFFFFFFF,0xFFFFFFFF,0xFFFFFFFF,0xFFFFFFFF,0xFFFFFFFF,
    0xFFFFFFFF,0xFFFFFFFF,0xFFFFFFFF,0xFFFFFFFF,0xFFFFFFFF,0xFFFFFFFF,0xFFFFFFFF,
    0xFFFFFFFF,0xFFFFFFFF,0xFFFFFFFF,0xFFFFFFFF,0xFFFFFFFF,0xFFFFFFFF,0xFFFFFFFF,
    0xFFFFFFFF,0xFFFFFFFF,0xFFFFFFFF,0xFFFFFFFF,0xFFFFFFFF,0xFFFFFFFF,0xFFFFFFFF,
    0xFFFFFFFF,0xFFFFFFFF,0xFFFFFFFF,0xFFFFFFFF,0xFFFFFFFF,0xFFFFFFFF,0xFFFFFFFF,
    0xFFFFFFFF,0xFFFFFFFF,0xFFFFFFFF,0xFFFFFFFF,0xFFFFFFFF,0xFFFFFFFF,0xFFFFFFFF,
    0xFFFFFFFF,0xFFFFFFFF,0xFFFFFFFF,0xFFFFFFFF,0xFFFFFFFF,0xFFFFFFFF,0xFFFFFFFF,
    0xFFFFFFFF,0xFFFFFFFF,0xFFFFFFFF,0xFFFFFFFF,0xFFFFFFFF,0xFFFFFFFF,0xFFFFFFFF,
    0xFFFFFFFF,0xFFFFFFFF,0xFFFFFFFF,0xFFFFFFFF,0xFFFFFFFF,0xFFFFFFFF,0xFFFFFFFF,
    0xFFFFFFFF,0xFFFFFFFF,0xFFFFFFFF,0xFFFFFFFF,0xFFFFFFFF,0xFFFFFFFF,0xFFFFFFFF,
    0xFFFFFFFF,0xFFFFFFFF,0xFFFFFFFF,0xFFFFFFFF,0xFFFFFFFF,0xFFFFFFFF,0xFFFFFFFF,
    0xEFFFFFFF,0xCFFFFFFF,0xAEFFFFFF,0x8EFFFFFF,0x6DFFFFFF,0x4CFFFFFF,0x2BFFFFFF,
    0x0AFFFFFF,0x00000000,0x00000000,0x00000000,0x00000000,0x00000000,0x00000000,
    0x00000000,0x00000000,0x00000000,0x00000000,0x00000000,0x00000000,0x00000000,
    0x00000000,0x00000000,0x00000000,0x00000000,0x00000000,0x00000000,0x00000000,
    0x00000000,0x00000000,0x00000000,0x00000000,0x00000000,0x00000000,0x00000000,
    0x00000000,0x00000000,0x00000000,0x00000000,0x00000000,0x00000000,0x00000000,
    0x00000000,0x00000000,0x00000000,0x00000000,0x00000000,0x00000000,0x00000000,
    0x00000000,0x00000000,0x00000000,0x00000000,0x00000000,0x00000000,0x00000000,
    0x00000000,0x00000000,0x00000000,0x00000000,0x00000000,0x00000000,0x00000000,
    0x00000000,0x00000000,0x00000000,0x00000000,0x00000000,0x00000000,0x00000000,
    0x00000000,0x00000000,0x00000000,0x00000000,0x00000000,0x00000000,0x00000000,
    0x00000000,0x00000000,0x00000000,0x00000000,0x0EFFFFFF,0x2AFFFFFF,0x45FFFFFF,
    0x5FFFFFFF,0x7CFFFFFF,0x96FFFFFF,0xB2FFFFFF,0xC6FFFFFF,0xD9FFFFFF,0xEDFFFFFF,
    0xFFFFFFFF,0xFFFFFFFF,0xFFFFFFFF,0xFFFFFFFF,0xFFFFFFFF,0xFFFFFFFF,0xFFFFFFFF,
    0xFFFFFFFF,0xFFFFFFFF,0xFFFFFFFF,0xFFFFFFFF,0xFFFFFFFF,0xFFFFFFFF,0xFFFFFFFF,
    0xFFFFFFFF,0xFFFFFFFF,0xFFFFFFFF,0xFFFFFFFF,0xFFFFFFFF,0xFFFFFFFF,0xFFFFFFFF,
    0xFFFFFFFF,0xFFFFFFFF,0xFFFFFFFF,0xFFFFFFFF,0xFFFFFFFF,0xFFFFFFFF,0xFFFFFFFF,
    0xFFFFFFFF,0xFFFFFFFF,0xFFFFFFFF,0xFFFFFFFF,0xFFFFFFFF,0xFFFFFFFF,0xFFFFFFFF,
    0xFFFFFFFF,0xFFFFFFFF,0xFFFFFFFF,0xFFFFFFFF,0xFFFFFFFF,0xFFFFFFFF,0xFFFFFFFF,
    0xFFFFFFFF,0xFFFFFFFF,0xFFFFFFFF,0xFFFFFFFF,0xFFFFFFFF,0xFFFFFFFF,0xFFFFFFFF,
    0xFFFFFFFF,0xFFFFFFFF,0xFFFFFFFF,0xFFFFFFFF,0xFFFFFFFF,0xFFFFFFFF,0xFFFFFFFF,
    0xFFFFFFFF,0xFFFFFFFF,0xFFFFFFFF,0xFFFFFFFF,0xFFFFFFFF,0xFFFFFFFF,0xFFFFFFFF,
    0xFFFFFFFF,0xFFFFFFFF,0xFFFFFFFF,0xFFFFFFFF,0xFFFFFFFF,0xFFFFFFFF,0xFFFFFFFF,
    0xFFFFFFFF,0xFFFFFFFF,0xFFFFFFFF,0xFFFFFFFF,0xFFFFFFFF,0xFFFFFFFF,0xFFFFFFFF,
    0xFFFFFFFF,0xFFFFFFFF,0xFFFFFFFF,0xFFFFFFFF,0xFFFFFFFF,0xFFFFFFFF,0xFFFFFFFF,
    0xFFFFFFFF,0xFFFFFFFF,0xFFFFFFFF,0xFFFFFFFF,0xFFFFFFFF,0xFFFFFFFF,0xFFFFFFFF,
    0xFFFFFFFF,0xFFFFFFFF,0xFFFFFFFF,0xFFFFFFFF,0xFFFFFFFF,0xFFFFFFFF,0xFFFFFFFF,
    0xFEFFFFFF,0xEAFFFFFF,0xD7FFFFFF,0xC4FFFFFF,0xB0FFFFFF,0x92FFFFFF,0x78FFFFFF,
    0x5DFFFFFF,0x41FFFFFF,0x28FFFFFF,0x0AFFFFFF,0x00000000,0x00000000,0x00000000,
    0x00000000,0x00000000,0x00000000,0x00000000,0x00000000,0x00000000,0x00000000,
    0x00000000,0x00000000,0x00000000,0x00000000,0x00000000,0x00000000,0x00000000,
    0x00000000,0x00000000,0x00000000,0x00000000,0x00000000,0x00000000,0x00000000,
    0x00000000,0x00000000,0x00000000,0x00000000,0x00000000,0x00000000,0x00000000,
    0x00000000,0x00000000,0x00000000,0x00000000,0x00000000,0x00000000,0x00000000,
    0x00000000,0x00000000,0x00000000,0x00000000,0x00000000,0x00000000,0x00000000,
    0x00000000,0x00000000,0x00000000,0x00000000,0x00000000,0x00000000,0x00000000,
    0x00000000,0x00000000,0x00000000,0x00000000,0x00000000,0x00000000,0x00000000,
    0x00000000,0x00000000,0x00000000,0x00000000,0x00000000,0x00000000,0x00000000,
    0x00000000,0x00000000,0x00000000,0x00000000,0x00000000,0x00000000,0x00000000,
    0x00000000,0x00000000,0x00000000,0x00000000,0x00000000,0x00000000,0x00000000,
    0x00000000,0x00000000,0x00000000,0x00000000,0x00000000,0x00000000,0x00000000,
    0x00000000,0x00000000,0x00000000,0x00000000,0x03FFFFFF,0x16FFFFFF,0x2AFFFFFF,
    0x3DFFFFFF,0x50FFFFFF,0x63FFFFFF,0x78FFFFFF,0x8CFFFFFF,0x9FFFFFFF,0xB3FFFFFF,
    0xC6FFFFFF,0xD9FFFFFF,0xECFFFFFF,0xFCFFFFFF,0xFFFFFFFF,0xFFFFFFFF,0xFFFFFFFF,
    0xFFFFFFFF,0xFFFFFFFF,0xFFFFFFFF,0xFFFFFFFF,0xFFFFFFFF,0xFFFFFFFF,0xFFFFFFFF,
    0xFFFFFFFF,0xFFFFFFFF,0xFFFFFFFF,0xFFFFFFFF,0xFFFFFFFF,0xFFFFFFFF,0xFFFFFFFF,
    0xFFFFFFFF,0xFFFFFFFF,0xFFFFFFFF,0xFFFFFFFF,0xFFFFFFFF,0xFFFFFFFF,0xFFFFFFFF,
    0xFFFFFFFF,0xFFFFFFFF,0xFFFFFFFF,0xFFFFFFFF,0xFFFFFFFF,0xFFFFFFFF,0xFFFFFFFF,
    0xFFFFFFFF,0xFFFFFFFF,0xFFFFFFFF,0xFFFFFFFF,0xFFFFFFFF,0xFFFFFFFF,0xFFFFFFFF,
    0xFFFFFFFF,0xFFFFFFFF,0xFFFFFFFF,0xFFFFFFFF,0xFFFFFFFF,0xFFFFFFFF,0xFFFFFFFF,
    0xFFFFFFFF,0xFFFFFFFF,0xFFFFFFFF,0xFFFFFFFF,0xFFFFFFFF,0xFFFFFFFF,0xFFFFFFFF,
    0xFFFFFFFF,0xFFFFFFFF,0xFFFFFFFF,0xFFFFFFFF,0xFFFFFFFF,0xFFFFFFFF,0xFFFFFFFF,
    0xFFFFFFFF,0xFFFFFFFF,0xFFFFFFFF,0xFFFFFFFF,0xFFFFFFFF,0xFFFFFFFF,0xFFFFFFFF,
    0xFFFFFFFF,0xFFFFFFFF,0xFFFFFFFF,0xFFFFFFFF,0xFFFFFFFF,0xFAFFFFFF,0xEBFFFFFF,
    0xD7FFFFFF,0xC4FFFFFF,0xB1FFFFFF,0x9DFFFFFF,0x8AFFFFFF,0x75FFFFFF,0x61FFFFFF,
    0x4EFFFFFF,0x3BFFFFFF,0x28FFFFFF,0x14FFFFFF,0x01FFFFFF,0x00000000,0x00000000,
    0x00000000,0x00000000,0x00000000,0x00000000,0x00000000,0x00000000,0x00000000,
    0x00000000,0x00000000,0x00000000,0x00000000,0x00000000,0x00000000,0x00000000,
    0x00000000,0x00000000,0x00000000,0x00000000,0x00000000,0x00000000,0x00000000,
    0x00000000,0x00000000,0x00000000,0x00000000,0x00000000,0x00000000,0x00000000,
    0x00000000,0x00000000,0x00000000,0x00000000,0x00000000,0x00000000,0x00000000,
    0x00000000,0x00000000,0x00000000,0x00000000,0x00000000,0x00000000,0x00000000,
    0x00000000,0x00000000,0x00000000,0x00000000,0x00000000,0x00000000,0x00000000,
    0x00000000,0x00000000,0x00000000,0x00000000,0x00000000,0x00000000,0x00000000,
    0x00000000,0x00000000,0x00000000,0x00000000,0x00000000,0x00000000,0x00000000,
    0x00000000,0x00000000,0x00000000,0x00000000,0x00000000,0x00000000,0x00000000,
    0x00000000,0x00000000,0x00000000,0x00000000,0x00000000,0x00000000,0x00000000,
    0x00000000,0x00000000,0x00000000,0x00000000,0x00000000,0x00000000,0x00000000,
    0x00000000,0x00000000,0x00000000,0x00000000,0x00000000,0x00000000,0x00000000,
    0x00000000,0x00000000,0x00000000,0x00000000,0x00000000,0x00000000,0x00000000,
    0x00000000,0x00000000,0x00000000,0x00000000,0x00000000,0x00000000,0x00000000,
    0x00000000,0x00000000,0x00000000,0x00000000,0x00000000,0x00000000,0x00000000,
    0x00000000,0x06FFFFFF,0x11FFFFFF,0x1FFFFFFF,0x27FFFFFF,0x33FFFFFF,0x40FFFFFF,
    0x49FFFFFF,0x55FFFFFF,0x62FFFFFF,0x6AFFFFFF,0x77FFFFFF,0x83FFFFFF,0x8CFFFFFF,
    0x99FFFFFF,0xA5FFFFFF,0xADFFFFFF,0xBBFFFFFF,0xBBFFFFFF,0xBBFFFFFF,0xC9FFFFFF,
    0xCCFFFFFF,0xCCFFFFFF,0xCCFFFFFF,0xCFFFFFFF,0xDDFFFFFF,0xDDFFFFFF,0xDDFFFFFF,
    0xDDFFFFFF,0xE6FFFFFF,0xEEFFFFFF,0xEEFFFFFF,0xEEFFFFFF,0xEEFFFFFF,0xFDFFFFFF,
    0xFFFFFFFF,0xFFFFFFFF,0xFFFFFFFF,0xFBFFFFFF,0xEEFFFFFF,0xEEFFFFFF,0xEEFFFFFF,
    0xEEFFFFFF,0xE4FFFFFF,0xDDFFFFFF,0xDDFFFFFF,0xDDFFFFFF,0xDDFFFFFF,0xCDFFFFFF,
    0xCCFFFFFF,0xCCFFFFFF,0xCCFFFFFF,0xC7FFFFFF,0xBBFFFFFF,0xBBFFFFFF,0xBBFFFFFF,
    0xABFFFFFF,0xA3FFFFFF,0x99FFFFFF,0x8AFFFFFF,0x82FFFFFF,0x77FFFFFF,0x68FFFFFF,
    0x60FFFFFF,0x55FFFFFF,0x47FFFFFF,0x3EFFFFFF,0x33FFFFFF,0x25FFFFFF,0x1DFFFFFF,
    0x11FFFFFF,0x04FFFFFF,0x00000000,0x00000000,0x00000000,0x00000000,0x00000000,
    0x00000000,0x00000000,0x00000000,0x00000000,0x00000000,0x00000000,0x00000000,
    0x00000000,0x00000000,0x00000000,0x00000000,0x00000000,0x00000000,0x00000000,
    0x00000000,0x00000000,0x00000000,0x00000000,0x00000000,0x00000000,0x00000000,
    0x00000000,0x00000000,0x00000000,0x00000000,0x00000000,0x00000000,0x00000000,
    0x00000000,0x00000000,0x00000000,0x00000000,0x00000000,0x00000000,0x00000000,
    0x00000000,0x00000000,0x00000000,0x00000000,0x00000000,0x00000000,0x00000000,
    0x00000000,0x00000000,0x00000000,0x00000000,0x00000000,0x00000000,0x00000000,
    0x00000000,0x00000000,0x00000000,0x00000000,0x00000000,0x00000000,0x00000000,
    0x00000000,0x00000000,0x00000000,0x00000000,0x00000000,0x00000000,0x00000000,
    0x00000000,0x00000000,
};
#endif // DVD_LOGO_H_
